sourceRow,applyOverride,Ngay thang,MaLop,TenLop,Giáo viên,TenThu,Buoi so,So_gio_GV,TenLop2,am/pm,Column1,notes
6,,,,,,T7,N,1,(+),(,11900,
7,,,,,,T7,N,1,(+),(,11900,
8,,,,,,T7,N,1,(+),(,11900,
9,,,,,,T7,N,1,(+),(,11900,
10,,,,,,T7,N,1,(+),(,11900,
11,,,,,,T7,N,1,(+),(,11900,
12,,,,,,T7,N,1,(+),(,11900,
13,,,,,,T7,N,1,(+),(,11900,
14,,,,,,T7,N,1,(+),(,11900,
15,,,,,,T7,N,1,(+),(,11900,
16,,,,,,T7,N,1,(+),(,11900,
17,,,,,,T7,N,1,(+),(,11900,
18,,,,,,T7,N,1,(+),(,11900,
19,,,,,,T7,N,1,(+),(,11900,
20,,,,,,T7,N,1,(+),(,11900,
21,,,,,,T7,N,1,(+),(,11900,
22,,,,,,T7,N,1,(+),(,11900,
23,,,,,,T7,N,1,(+),(,11900,
24,,,,,,T7,N,1,(+),(,11900,
25,,,,,,T7,N,1,(+),(,11900,
26,,,,,,T7,N,1,(+),(,11900,
27,,,,,,T7,N,1,(+),(,11900,
28,,,,,,T7,N,1,(+),(,11900,
29,,,,,,T7,N,1,(+),(,11900,
30,,,,,,T7,N,1,(+),(,11900,
31,,,,,,T7,N,1,(+),(,11900,
32,,,,,,T7,N,1,(+),(,11900,
33,,,,,,T7,N,1,(+),(,11900,
34,,,,,,T7,N,1,(+),(,11900,
35,,,,,,T7,N,1,(+),(,11900,
36,,,,,,T7,N,1,(+),(,11900,
37,,,,,,T7,N,1,(+),(,11900,
38,,,,,,T7,N,1,(+),(,11900,
39,,,,,,T7,N,1,(+),(,11900,
40,,,,,,T7,N,1,(+),(,11900,
41,,,,,,T7,N,1,(+),(,11900,
42,,,,,,T7,N,1,(+),(,11900,
43,,,,,,T7,N,1,(+),(,11900,
44,,,,,,T7,N,1,(+),(,11900,
45,,,,,,T7,N,1,(+),(,11900,
46,,,,,,T7,N,1,(+),(,11900,
47,,,,,,T7,N,1,(+),(,11900,
48,,,,,,T7,N,1,(+),(,11900,
49,,,,,,T7,N,1,(+),(,11900,
50,,,,,,T7,N,1,(+),(,11900,
51,,,,,,T7,N,1,(+),(,11900,
52,,,,,,T7,N,1,(+),(,11900,
53,,,,,,T7,N,1,(+),(,11900,
54,,,,,,T7,N,1,(+),(,11900,
55,,,,,,T7,N,1,(+),(,11900,
56,,,,,,T7,N,1,(+),(,11900,
57,,,,,,T7,N,1,(+),(,11900,
58,,,,,,T7,N,1,(+),(,11900,
59,,,,,,T7,N,1,(+),(,11900,
60,,,,,,T7,N,1,(+),(,11900,
61,,,,,,T7,N,1,(+),(,11900,
62,,,,,,T7,N,1,(+),(,11900,
63,,,,,,T7,N,1,(+),(,11900,
64,,,,,,T7,N,1,(+),(,11900,
65,,,,,,T7,N,1,(+),(,11900,
66,,,,,,T7,N,1,(+),(,11900,
67,,,,,,T7,N,1,(+),(,11900,
68,,,,,,T7,N,1,(+),(,11900,
69,,,,,,T7,N,1,(+),(,11900,
70,,,,,,T7,N,1,(+),(,11900,
71,,,,,,T7,N,1,(+),(,11900,
72,,,,,,T7,N,1,(+),(,11900,
73,,,,,,T7,N,1,(+),(,11900,
74,,,,,,T7,N,1,(+),(,11900,
75,,,,,,T7,N,1,(+),(,11900,
76,,,,,,T7,N,1,(+),(,11900,
77,,,,,,T7,N,1,(+),(,11900,
78,,,,,,T7,N,1,(+),(,11900,
79,,,,,,T7,N,1,(+),(,11900,
80,,,,,,T7,N,1,(+),(,11900,
81,,,,,,T7,N,1,(+),(,11900,
82,,,,,,T7,N,1,(+),(,11900,
83,,,,,,T7,N,1,(+),(,11900,
84,,,,,,T7,N,1,(+),(,11900,
85,,,,,,T7,N,1,(+),(,11900,
86,,,,,,T7,N,1,(+),(,11900,
87,,,,,,T7,N,1,(+),(,11900,
88,,,,,,T7,N,1,(+),(,11900,
89,,,,,,T7,N,1,(+),(,11900,
90,,,,,,T7,N,1,(+),(,11900,
91,,,,,,T7,N,1,(+),(,11900,
92,,,,,,T7,N,1,(+),(,11900,
93,,,,,,T7,N,1,(+),(,11900,
94,,,,,,T7,N,1,(+),(,11900,
95,,,,,,T7,N,1,(+),(,11900,
96,,,,,,T7,N,1,(+),(,11900,
97,,,,,,T7,N,1,(+),(,11900,
98,,,,,,T7,N,1,(+),(,11900,
99,,,,,,T7,N,1,(+),(,11900,
100,,,,,,T7,N,1,(+),(,11900,
101,,,,,,T7,N,1,(+),(,11900,
102,,,,,,T7,N,1,(+),(,11900,
103,,,,,,T7,N,1,(+),(,11900,
104,,,,,,T7,N,1,(+),(,11900,
105,,,,,,T7,N,1,(+),(,11900,
106,,,,,,T7,N,1,(+),(,11900,
107,,,,,,T7,N,1,(+),(,11900,
108,,,,,,T7,N,1,(+),(,11900,
109,,,,,,T7,N,1,(+),(,11900,
110,,,,,,T7,N,1,(+),(,11900,
111,,,,,,T7,N,1,(+),(,11900,
112,,,,,,T7,N,1,(+),(,11900,
113,,,,,,T7,N,1,(+),(,11900,
114,,,,,,T7,N,1,(+),(,11900,
115,,,,,,T7,N,1,(+),(,11900,
116,,,,,,T7,N,1,(+),(,11900,
117,,,,,,T7,N,1,(+),(,11900,
118,,,,,,T7,N,1,(+),(,11900,
119,,,,,,T7,N,1,(+),(,11900,
120,,,,,,T7,N,1,(+),(,11900,
121,,,,,,T7,N,1,(+),(,11900,
122,,,,,,T7,N,1,(+),(,11900,
123,,,,,,T7,N,1,(+),(,11900,
124,,,,,,T7,N,1,(+),(,11900,
125,,,,,,T7,N,1,(+),(,11900,
126,,,,,,T7,N,1,(+),(,11900,
127,,,,,,T7,N,1,(+),(,11900,
128,,,,,,T7,N,1,(+),(,11900,
129,,,,,,T7,N,1,(+),(,11900,
130,,,,,,T7,N,1,(+),(,11900,
131,,,,,,T7,N,1,(+),(,11900,
132,,,,,,T7,N,1,(+),(,11900,
133,,,,,,T7,N,1,(+),(,11900,
134,,,,,,T7,N,1,(+),(,11900,
135,,,,,,T7,N,1,(+),(,11900,
136,,,,,,T7,N,1,(+),(,11900,
137,,,,,,T7,N,1,(+),(,11900,
138,,,,,,T7,N,1,(+),(,11900,
139,,,,,,T7,N,1,(+),(,11900,
140,,,,,,T7,N,1,(+),(,11900,
141,,,,,,T7,N,1,(+),(,11900,
142,,,,,,T7,N,1,(+),(,11900,
143,,,,,,T7,N,1,(+),(,11900,
144,,,,,,T7,N,1,(+),(,11900,
145,,,,,,T7,N,1,(+),(,11900,
146,,,,,,T7,N,1,(+),(,11900,
147,,,,,,T7,N,1,(+),(,11900,
148,,,,,,T7,N,1,(+),(,11900,
149,,,,,,T7,N,1,(+),(,11900,
150,,,,,,T7,N,1,(+),(,11900,
151,,,,,,T7,N,1,(+),(,11900,
152,,,,,,T7,N,1,(+),(,11900,
153,,,,,,T7,N,1,(+),(,11900,
154,,,,,,T7,N,1,(+),(,11900,
155,,,,,,T7,N,1,(+),(,11900,
156,,,,,,T7,N,1,(+),(,11900,
157,,,,,,T7,N,1,(+),(,11900,
158,,,,,,T7,N,1,(+),(,11900,
159,,,,,,T7,N,1,(+),(,11900,
160,,,,,,T7,N,1,(+),(,11900,
161,,,,,,T7,N,1,(+),(,11900,
162,,,,,,T7,N,1,(+),(,11900,
163,,,,,,T7,N,1,(+),(,11900,
164,,,,,,T7,N,1,(+),(,11900,
165,,,,,,T7,N,1,(+),(,11900,
166,,,,,,T7,N,1,(+),(,11900,
167,,,,,,T7,N,1,(+),(,11900,
168,,,,,,T7,N,1,(+),(,11900,
169,,,,,,T7,N,1,(+),(,11900,
170,,,,,,T7,N,1,(+),(,11900,
171,,,,,,T7,N,1,(+),(,11900,
172,,,,,,T7,N,1,(+),(,11900,
173,,,,,,T7,N,1,(+),(,11900,
174,,,,,,T7,N,1,(+),(,11900,
175,,,,,,T7,N,1,(+),(,11900,
176,,,,,,T7,N,1,(+),(,11900,
177,,,,,,T7,N,1,(+),(,11900,
178,,,,,,T7,N,1,(+),(,11900,
179,,,,,,T7,N,1,(+),(,11900,
180,,,,,,T7,N,1,(+),(,11900,
181,,,,,,T7,N,1,(+),(,11900,
182,,,,,,T7,N,1,(+),(,11900,
183,,,,,,T7,N,1,(+),(,11900,
184,,,,,,T7,N,1,(+),(,11900,
185,,,,,,T7,N,1,(+),(,11900,
186,,,,,,T7,N,1,(+),(,11900,
187,,,,,,T7,N,1,(+),(,11900,
188,,,,,,T7,N,1,(+),(,11900,
189,,,,,,T7,N,1,(+),(,11900,
190,,,,,,T7,N,1,(+),(,11900,
191,,,,,,T7,N,1,(+),(,11900,
192,,,,,,T7,N,1,(+),(,11900,
193,,,,,,T7,N,1,(+),(,11900,
194,,,,,,T7,N,1,(+),(,11900,
195,,,,,,T7,N,1,(+),(,11900,
196,,,,,,T7,N,1,(+),(,11900,
197,,,,,,T7,N,1,(+),(,11900,
198,,,,,,T7,N,1,(+),(,11900,
199,,,,,,T7,N,1,(+),(,11900,
200,,,,,,T7,N,1,(+),(,11900,
201,,,,,,T7,N,1,(+),(,11900,
202,,,,,,T7,N,1,(+),(,11900,
203,,,,,,T7,N,1,(+),(,11900,
204,,,,,,T7,N,1,(+),(,11900,
205,,,,,,T7,N,1,(+),(,11900,
206,,,,,,T7,N,1,(+),(,11900,
207,,,,,,T7,N,1,(+),(,11900,
208,,,,,,T7,N,1,(+),(,11900,
209,,,,,,T7,N,1,(+),(,11900,
210,,,,,,T7,N,1,(+),(,11900,
211,,,,,,T7,N,1,(+),(,11900,
212,,,,,,T7,N,1,(+),(,11900,
213,,,,,,T7,N,1,(+),(,11900,
214,,,,,,T7,N,1,(+),(,11900,
215,,,,,,T7,N,1,(+),(,11900,
216,,,,,,T7,N,1,(+),(,11900,
217,,,,,,T7,N,1,(+),(,11900,
218,,,,,,T7,N,1,(+),(,11900,
219,,,,,,T7,N,1,(+),(,11900,
220,,,,,,T7,N,1,(+),(,11900,
221,,,,,,T7,N,1,(+),(,11900,
222,,,,,,T7,N,1,(+),(,11900,
223,,,,,,T7,N,1,(+),(,11900,
224,,,,,,T7,N,1,(+),(,11900,
225,,,,,,T7,N,1,(+),(,11900,
226,,,,,,T7,N,1,(+),(,11900,
227,,,,,,T7,N,1,(+),(,11900,
228,,,,,,T7,N,1,(+),(,11900,
229,,,,,,T7,N,1,(+),(,11900,
230,,,,,,T7,N,1,(+),(,11900,
231,,,,,,T7,N,1,(+),(,11900,
232,,,,,,T7,N,1,(+),(,11900,
233,,,,,,T7,N,1,(+),(,11900,
234,,,,,,T7,N,1,(+),(,11900,
235,,,,,,T7,N,1,(+),(,11900,
236,,,,,,T7,N,1,(+),(,11900,
237,,,,,,T7,N,1,(+),(,11900,
238,,,,,,T7,N,1,(+),(,11900,
239,,,,,,T7,N,1,(+),(,11900,
240,,,,,,T7,N,1,(+),(,11900,
241,,,,,,T7,N,1,(+),(,11900,
242,,,,,,T7,N,1,(+),(,11900,
243,,,,,,T7,N,1,(+),(,11900,
244,,,,,,T7,N,1,(+),(,11900,
245,,,,,,T7,N,1,(+),(,11900,
246,,,,,,T7,N,1,(+),(,11900,
247,,,,,,T7,N,1,(+),(,11900,
248,,,,,,T7,N,1,(+),(,11900,
249,,,,,,T7,N,1,(+),(,11900,
250,,,,,,T7,N,1,(+),(,11900,
251,,,,,,T7,N,1,(+),(,11900,
252,,,,,,T7,N,1,(+),(,11900,
253,,,,,,T7,N,1,(+),(,11900,
254,,,,,,T7,N,1,(+),(,11900,
255,,,,,,T7,N,1,(+),(,11900,
256,,,,,,T7,N,1,(+),(,11900,
257,,,,,,T7,N,1,(+),(,11900,
258,,,,,,T7,N,1,(+),(,11900,
259,,,,,,T7,N,1,(+),(,11900,
260,,,,,,T7,N,1,(+),(,11900,
261,,,,,,T7,N,1,(+),(,11900,
262,,,,,,T7,N,1,(+),(,11900,
263,,,,,,T7,N,1,(+),(,11900,
264,,,,,,T7,N,1,(+),(,11900,
265,,,,,,T7,N,1,(+),(,11900,
266,,,,,,T7,N,1,(+),(,11900,
267,,,,,,T7,N,1,(+),(,11900,
268,,,,,,T7,N,1,(+),(,11900,
269,,,,,,T7,N,1,(+),(,11900,
270,,,,,,T7,N,1,(+),(,11900,
271,,,,,,T7,N,1,(+),(,11900,
272,,,,,,T7,N,1,(+),(,11900,
273,,,,,,T7,N,1,(+),(,11900,
274,,,,,,T7,N,1,(+),(,11900,
275,,,,,,T7,N,1,(+),(,11900,
276,,,,,,T7,N,1,(+),(,11900,
277,,,,,,T7,N,1,(+),(,11900,
278,,,,,,T7,N,1,(+),(,11900,
279,,,,,,T7,N,1,(+),(,11900,
280,,,,,,T7,N,1,(+),(,11900,
281,,,,,,T7,N,1,(+),(,11900,
282,,,,,,T7,N,1,(+),(,11900,
283,,,,,,T7,N,1,(+),(,11900,
284,,,,,,T7,N,1,(+),(,11900,
285,,,,,,T7,N,1,(+),(,11900,
286,,,,,,T7,N,1,(+),(,11900,
287,,,,,,T7,N,1,(+),(,11900,
288,,,,,,T7,N,1,(+),(,11900,
289,,,,,,T7,N,1,(+),(,11900,
290,,,,,,T7,N,1,(+),(,11900,
291,,,,,,T7,N,1,(+),(,11900,
292,,,,,,T7,N,1,(+),(,11900,
293,,,,,,T7,N,1,(+),(,11900,
294,,,,,,T7,N,1,(+),(,11900,
295,,,,,,T7,N,1,(+),(,11900,
296,,,,,,T7,N,1,(+),(,11900,
297,,,,,,T7,N,1,(+),(,11900,
298,,,,,,T7,N,1,(+),(,11900,
299,,,,,,T7,N,1,(+),(,11900,
300,,,,,,T7,N,1,(+),(,11900,
301,,,,,,T7,N,1,(+),(,11900,
302,,,,,,T7,N,1,(+),(,11900,
303,,,,,,T7,N,1,(+),(,11900,
304,,,,,,T7,N,1,(+),(,11900,
305,,,,,,T7,N,1,(+),(,11900,
306,,,,,,T7,N,1,(+),(,11900,
307,,,,,,T7,N,1,(+),(,11900,
308,,,,,,T7,N,1,(+),(,11900,
309,,,,,,T7,N,1,(+),(,11900,
310,,,,,,T7,N,1,(+),(,11900,
311,,,,,,T7,N,1,(+),(,11900,
312,,,,,,T7,N,1,(+),(,11900,
313,,,,,,T7,N,1,(+),(,11900,
314,,,,,,T7,N,1,(+),(,11900,
315,,,,,,T7,N,1,(+),(,11900,
316,,,,,,T7,N,1,(+),(,11900,
317,,,,,,T7,N,1,(+),(,11900,
318,,,,,,T7,N,1,(+),(,11900,
319,,,,,,T7,N,1,(+),(,11900,
320,,,,,,T7,N,1,(+),(,11900,
321,,,,,,T7,N,1,(+),(,11900,
322,,,,,,T7,N,1,(+),(,11900,
323,,,,,,T7,N,1,(+),(,11900,
324,,,,,,T7,N,1,(+),(,11900,
325,,,,,,T7,N,1,(+),(,11900,
326,,,,,,T7,N,1,(+),(,11900,
327,,,,,,T7,N,1,(+),(,11900,
328,,,,,,T7,N,1,(+),(,11900,
329,,,,,,T7,N,1,(+),(,11900,
330,,,,,,T7,N,1,(+),(,11900,
331,,,,,,T7,N,1,(+),(,11900,
332,,,,,,T7,N,1,(+),(,11900,
333,,,,,,T7,N,1,(+),(,11900,
334,,,,,,T7,N,1,(+),(,11900,
335,,,,,,T7,N,1,(+),(,11900,
336,,,,,,T7,N,1,(+),(,11900,
337,,,,,,T7,N,1,(+),(,11900,
338,,,,,,T7,N,1,(+),(,11900,
339,,,,,,T7,N,1,(+),(,11900,
340,,,,,,T7,N,1,(+),(,11900,
341,,,,,,T7,N,1,(+),(,11900,
342,,,,,,T7,N,1,(+),(,11900,
343,,,,,,T7,N,1,(+),(,11900,
344,,,,,,T7,N,1,(+),(,11900,
345,,,,,,T7,N,1,(+),(,11900,
346,,,,,,T7,N,1,(+),(,11900,
347,,,,,,T7,N,1,(+),(,11900,
348,,,,,,T7,N,1,(+),(,11900,
349,,,,,,T7,N,1,(+),(,11900,
350,,,,,,T7,N,1,(+),(,11900,
351,,,,,,T7,N,1,(+),(,11900,
352,,,,,,T7,N,1,(+),(,11900,
353,,,,,,T7,N,1,(+),(,11900,
354,,,,,,T7,N,1,(+),(,11900,
355,,,,,,T7,N,1,(+),(,11900,
356,,,,,,T7,N,1,(+),(,11900,
357,,,,,,T7,N,1,(+),(,11900,
358,,,,,,T7,N,1,(+),(,11900,
359,,,,,,T7,N,1,(+),(,11900,
360,,,,,,T7,N,1,(+),(,11900,
361,,,,,,T7,N,1,(+),(,11900,
362,,,,,,T7,N,1,(+),(,11900,
363,,,,,,T7,N,1,(+),(,11900,
364,,,,,,T7,N,1,(+),(,11900,
365,,,,,,T7,N,1,(+),(,11900,
366,,,,,,T7,N,1,(+),(,11900,
367,,,,,,T7,N,1,(+),(,11900,
368,,,,,,T7,N,1,(+),(,11900,
369,,,,,,T7,N,1,(+),(,11900,
370,,,,,,T7,N,1,(+),(,11900,
371,,,,,,T7,N,1,(+),(,11900,
372,,,,,,T7,N,1,(+),(,11900,
373,,,,,,T7,N,1,(+),(,11900,
374,,,,,,T7,N,1,(+),(,11900,
375,,,,,,T7,N,1,(+),(,11900,
376,,,,,,T7,N,1,(+),(,11900,
377,,,,,,T7,N,1,(+),(,11900,
378,,,,,,T7,N,1,(+),(,11900,
379,,,,,,T7,N,1,(+),(,11900,
380,,,,,,T7,N,1,(+),(,11900,
381,,,,,,T7,N,1,(+),(,11900,
382,,,,,,T7,N,1,(+),(,11900,
383,,,,,,T7,N,1,(+),(,11900,
384,,,,,,T7,N,1,(+),(,11900,
385,,,,,,T7,N,1,(+),(,11900,
386,,,,,,T7,N,1,(+),(,11900,
387,,,,,,T7,N,1,(+),(,11900,
388,,,,,,T7,N,1,(+),(,11900,
389,,,,,,T7,N,1,(+),(,11900,
390,,,,,,T7,N,1,(+),(,11900,
391,,,,,,T7,N,1,(+),(,11900,
392,,,,,,T7,N,1,(+),(,11900,
393,,,,,,T7,N,1,(+),(,11900,
394,,,,,,T7,N,1,(+),(,11900,
395,,,,,,T7,N,1,(+),(,11900,
396,,,,,,T7,N,1,(+),(,11900,
397,,,,,,T7,N,1,(+),(,11900,
398,,,,,,T7,N,1,(+),(,11900,
399,,,,,,T7,N,1,(+),(,11900,
400,,,,,,T7,N,1,(+),(,11900,
401,,,,,,T7,N,1,(+),(,11900,
402,,,,,,T7,N,1,(+),(,11900,
403,,,,,,T7,N,1,(+),(,11900,
404,,,,,,T7,N,1,(+),(,11900,
405,,,,,,T7,N,1,(+),(,11900,
406,,,,,,T7,N,1,(+),(,11900,
407,,,,,,T7,N,1,(+),(,11900,
408,,,,,,T7,N,1,(+),(,11900,
409,,,,,,T7,N,1,(+),(,11900,
410,,,,,,T7,N,1,(+),(,11900,
411,,,,,,T7,N,1,(+),(,11900,
412,,,,,,T7,N,1,(+),(,11900,
413,,,,,,T7,N,1,(+),(,11900,
414,,,,,,T7,N,1,(+),(,11900,
415,,,,,,T7,N,1,(+),(,11900,
416,,,,,,T7,N,1,(+),(,11900,
417,,,,,,T7,N,1,(+),(,11900,
418,,,,,,T7,N,1,(+),(,11900,
419,,,,,,T7,N,1,(+),(,11900,
420,,,,,,T7,N,1,(+),(,11900,
421,,,,,,T7,N,1,(+),(,11900,
422,,,,,,T7,N,1,(+),(,11900,
423,,,,,,T7,N,1,(+),(,11900,
424,,,,,,T7,N,1,(+),(,11900,
425,,,,,,T7,N,1,(+),(,11900,
426,,,,,,T7,N,1,(+),(,11900,
427,,,,,,T7,N,1,(+),(,11900,
428,,,,,,T7,N,1,(+),(,11900,
429,,,,,,T7,N,1,(+),(,11900,
430,,,,,,T7,N,1,(+),(,11900,
431,,,,,,T7,N,1,(+),(,11900,
432,,,,,,T7,N,1,(+),(,11900,
433,,,,,,T7,N,1,(+),(,11900,
434,,,,,,T7,N,1,(+),(,11900,
435,,,,,,T7,N,1,(+),(,11900,
436,,,,,,T7,N,1,(+),(,11900,
437,,,,,,T7,N,1,(+),(,11900,
438,,,,,,T7,N,1,(+),(,11900,
439,,,,,,T7,N,1,(+),(,11900,
440,,,,,,T7,N,1,(+),(,11900,
441,,,,,,T7,N,1,(+),(,11900,
442,,,,,,T7,N,1,(+),(,11900,
443,,,,,,T7,N,1,(+),(,11900,
444,,,,,,T7,N,1,(+),(,11900,
445,,,,,,T7,N,1,(+),(,11900,
446,,,,,,T7,N,1,(+),(,11900,
447,,,,,,T7,N,1,(+),(,11900,
448,,,,,,T7,N,1,(+),(,11900,
449,,,,,,T7,N,1,(+),(,11900,
450,,,,,,T7,N,1,(+),(,11900,
451,,,,,,T7,N,1,(+),(,11900,
452,,,,,,T7,N,1,(+),(,11900,
453,,,,,,T7,N,1,(+),(,11900,
454,,,,,,T7,N,1,(+),(,11900,
455,,,,,,T7,N,1,(+),(,11900,
456,,,,,,T7,N,1,(+),(,11900,
457,,,,,,T7,N,1,(+),(,11900,
458,,,,,,T7,N,1,(+),(,11900,
459,,,,,,T7,N,1,(+),(,11900,
460,,,,,,T7,N,1,(+),(,11900,
461,,,,,,T7,N,1,(+),(,11900,
462,,,,,,T7,N,1,(+),(,11900,
463,,,,,,T7,N,1,(+),(,11900,
464,,,,,,T7,N,1,(+),(,11900,
465,,,,,,T7,N,1,(+),(,11900,
466,,,,,,T7,N,1,(+),(,11900,
467,,,,,,T7,N,1,(+),(,11900,
468,,,,,,T7,N,1,(+),(,11900,
469,,,,,,T7,N,1,(+),(,11900,
470,,,,,,T7,N,1,(+),(,11900,
471,,,,,,T7,N,1,(+),(,11900,
472,,,,,,T7,N,1,(+),(,11900,
473,,,,,,T7,N,1,(+),(,11900,
474,,,,,,T7,N,1,(+),(,11900,
475,,,,,,T7,N,1,(+),(,11900,
476,,,,,,T7,N,1,(+),(,11900,
477,,,,,,T7,N,1,(+),(,11900,
478,,,,,,T7,N,1,(+),(,11900,
479,,,,,,T7,N,1,(+),(,11900,
480,,,,,,T7,N,1,(+),(,11900,
481,,,,,,T7,N,1,(+),(,11900,
482,,,,,,T7,N,1,(+),(,11900,
483,,,,,,T7,N,1,(+),(,11900,
484,,,,,,T7,N,1,(+),(,11900,
485,,,,,,T7,N,1,(+),(,11900,
486,,,,,,T7,N,1,(+),(,11900,
487,,,,,,T7,N,1,(+),(,11900,
488,,,,,,T7,N,1,(+),(,11900,
489,,,,,,T7,N,1,(+),(,11900,
490,,,,,,T7,N,1,(+),(,11900,
491,,,,,,T7,N,1,(+),(,11900,
492,,,,,,T7,N,1,(+),(,11900,
493,,,,,,T7,N,1,(+),(,11900,
494,,,,,,T7,N,1,(+),(,11900,
495,,,,,,T7,N,1,(+),(,11900,
496,,,,,,T7,N,1,(+),(,11900,
497,,,,,,T7,N,1,(+),(,11900,
498,,,,,,T7,N,1,(+),(,11900,
499,,,,,,T7,N,1,(+),(,11900,
500,,,,,,T7,N,1,(+),(,11900,
501,,,,,,T7,N,1,(+),(,11900,
502,,,,,,T7,N,1,(+),(,11900,
503,,,,,,T7,N,1,(+),(,11900,
504,,,,,,T7,N,1,(+),(,11900,
505,,,,,,T7,N,1,(+),(,11900,
506,,,,,,T7,N,1,(+),(,11900,
507,,,,,,T7,N,1,(+),(,11900,
508,,,,,,T7,N,1,(+),(,11900,
509,,,,,,T7,N,1,(+),(,11900,
510,,,,,,T7,N,1,(+),(,11900,
511,,,,,,T7,N,1,(+),(,11900,
512,,,,,,T7,N,1,(+),(,11900,
513,,,,,,T7,N,1,(+),(,11900,
514,,,,,,T7,N,1,(+),(,11900,
515,,,,,,T7,N,1,(+),(,11900,
516,,,,,,T7,N,1,(+),(,11900,
517,,,,,,T7,N,1,(+),(,11900,
518,,,,,,T7,N,1,(+),(,11900,
519,,,,,,T7,N,1,(+),(,11900,
520,,,,,,T7,N,1,(+),(,11900,
521,,,,,,T7,N,1,(+),(,11900,
522,,,,,,T7,N,1,(+),(,11900,
523,,,,,,T7,N,1,(+),(,11900,
524,,,,,,T7,N,1,(+),(,11900,
525,,,,,,T7,N,1,(+),(,11900,
526,,,,,,T7,N,1,(+),(,11900,
527,,,,,,T7,N,1,(+),(,11900,
528,,,,,,T7,N,1,(+),(,11900,
529,,,,,,T7,N,1,(+),(,11900,
530,,,,,,T7,N,1,(+),(,11900,
531,,,,,,T7,N,1,(+),(,11900,
532,,,,,,T7,N,1,(+),(,11900,
533,,,,,,T7,N,1,(+),(,11900,
534,,,,,,T7,N,1,(+),(,11900,
535,,,,,,T7,N,1,(+),(,11900,
536,,,,,,T7,N,1,(+),(,11900,
537,,,,,,T7,N,1,(+),(,11900,
538,,,,,,T7,N,1,(+),(,11900,
539,,,,,,T7,N,1,(+),(,11900,
540,,,,,,T7,N,1,(+),(,11900,
541,,,,,,T7,N,1,(+),(,11900,
542,,,,,,T7,N,1,(+),(,11900,
543,,,,,,T7,N,1,(+),(,11900,
544,,,,,,T7,N,1,(+),(,11900,
545,,,,,,T7,N,1,(+),(,11900,
546,,,,,,T7,N,1,(+),(,11900,
547,,,,,,T7,N,1,(+),(,11900,
548,,,,,,T7,N,1,(+),(,11900,
549,,,,,,T7,N,1,(+),(,11900,
550,,,,,,T7,N,1,(+),(,11900,
551,,,,,,T7,N,1,(+),(,11900,
552,,,,,,T7,N,1,(+),(,11900,
553,,,,,,T7,N,1,(+),(,11900,
554,,,,,,T7,N,1,(+),(,11900,
555,,,,,,T7,N,1,(+),(,11900,
556,,,,,,T7,N,1,(+),(,11900,
557,,,,,,T7,N,1,(+),(,11900,
558,,,,,,T7,N,1,(+),(,11900,
559,,,,,,T7,N,1,(+),(,11900,
560,,,,,,T7,N,1,(+),(,11900,
561,,,,,,T7,N,1,(+),(,11900,
562,,,,,,T7,N,1,(+),(,11900,
563,,,,,,T7,N,1,(+),(,11900,
564,,,,,,T7,N,1,(+),(,11900,
565,,,,,,T7,N,1,(+),(,11900,
566,,,,,,T7,N,1,(+),(,11900,
567,,,,,,T7,N,1,(+),(,11900,
568,,,,,,T7,N,1,(+),(,11900,
569,,,,,,T7,N,1,(+),(,11900,
570,,,,,,T7,N,1,(+),(,11900,
571,,,,,,T7,N,1,(+),(,11900,
572,,,,,,T7,N,1,(+),(,11900,
573,,,,,,T7,N,1,(+),(,11900,
574,,,,,,T7,N,1,(+),(,11900,
575,,,,,,T7,N,1,(+),(,11900,
576,,,,,,T7,N,1,(+),(,11900,
577,,,,,,T7,N,1,(+),(,11900,
578,,,,,,T7,N,1,(+),(,11900,
579,,,,,,T7,N,1,(+),(,11900,
580,,,,,,T7,N,1,(+),(,11900,
581,,,,,,T7,N,1,(+),(,11900,
582,,,,,,T7,N,1,(+),(,11900,
583,,,,,,T7,N,1,(+),(,11900,
584,,,,,,T7,N,1,(+),(,11900,
585,,,,,,T7,N,1,(+),(,11900,
586,,,,,,T7,N,1,(+),(,11900,
587,,,,,,T7,N,1,(+),(,11900,
588,,,,,,T7,N,1,(+),(,11900,
589,,,,,,T7,N,1,(+),(,11900,
590,,,,,,T7,N,1,(+),(,11900,
591,,,,,,T7,N,1,(+),(,11900,
592,,,,,,T7,N,1,(+),(,11900,
593,,,,,,T7,N,1,(+),(,11900,
594,,,,,,T7,N,1,(+),(,11900,
595,,,,,,T7,N,1,(+),(,11900,
596,,,,,,T7,N,1,(+),(,11900,
597,,,,,,T7,N,1,(+),(,11900,
598,,,,,,T7,N,1,(+),(,11900,
599,,,,,,T7,N,1,(+),(,11900,
600,,,,,,T7,N,1,(+),(,11900,
601,,,,,,T7,N,1,(+),(,11900,
602,,,,,,T7,N,1,(+),(,11900,
603,,,,,,T7,N,1,(+),(,11900,
604,,,,,,T7,N,1,(+),(,11900,
605,,,,,,T7,N,1,(+),(,11900,
606,,,,,,T7,N,1,(+),(,11900,
607,,,,,,T7,N,1,(+),(,11900,
608,,,,,,T7,N,1,(+),(,11900,
609,,,,,,T7,N,1,(+),(,11900,
610,,,,,,T7,N,1,(+),(,11900,
611,,,,,,T7,N,1,(+),(,11900,
612,,,,,,T7,N,1,(+),(,11900,
613,,,,,,T7,N,1,(+),(,11900,
614,,,,,,T7,N,1,(+),(,11900,
615,,,,,,T7,N,1,(+),(,11900,
616,,,,,,T7,N,1,(+),(,11900,
617,,,,,,T7,N,1,(+),(,11900,
618,,,,,,T7,N,1,(+),(,11900,
619,,,,,,T7,N,1,(+),(,11900,
620,,,,,,T7,N,1,(+),(,11900,
621,,,,,,T7,N,1,(+),(,11900,
622,,,,,,T7,N,1,(+),(,11900,
623,,,,,,T7,N,1,(+),(,11900,
624,,,,,,T7,N,1,(+),(,11900,
625,,,,,,T7,N,1,(+),(,11900,
626,,,,,,T7,N,1,(+),(,11900,
627,,,,,,T7,N,1,(+),(,11900,
628,,,,,,T7,N,1,(+),(,11900,
629,,,,,,T7,N,1,(+),(,11900,
630,,,,,,T7,N,1,(+),(,11900,
631,,,,,,T7,N,1,(+),(,11900,
632,,,,,,T7,N,1,(+),(,11900,
633,,,,,,T7,N,1,(+),(,11900,
634,,,,,,T7,N,1,(+),(,11900,
635,,,,,,T7,N,1,(+),(,11900,
636,,,,,,T7,N,1,(+),(,11900,
637,,,,,,T7,N,1,(+),(,11900,
638,,,,,,T7,N,1,(+),(,11900,
639,,,,,,T7,N,1,(+),(,11900,
640,,,,,,T7,N,1,(+),(,11900,
641,,,,,,T7,N,1,(+),(,11900,
642,,,,,,T7,N,1,(+),(,11900,
643,,,,,,T7,N,1,(+),(,11900,
644,,,,,,T7,N,1,(+),(,11900,
645,,,,,,T7,N,1,(+),(,11900,
646,,,,,,T7,N,1,(+),(,11900,
647,,,,,,T7,N,1,(+),(,11900,
648,,,,,,T7,N,1,(+),(,11900,
649,,,,,,T7,N,1,(+),(,11900,
650,,,,,,T7,N,1,(+),(,11900,
651,,,,,,T7,N,1,(+),(,11900,
652,,,,,,T7,N,1,(+),(,11900,
653,,,,,,T7,N,1,(+),(,11900,
654,,,,,,T7,N,1,(+),(,11900,
655,,,,,,T7,N,1,(+),(,11900,
656,,,,,,T7,N,1,(+),(,11900,
657,,,,,,T7,N,1,(+),(,11900,
658,,,,,,T7,N,1,(+),(,11900,
659,,,,,,T7,N,1,(+),(,11900,
660,,,,,,T7,N,1,(+),(,11900,
661,,,,,,T7,N,1,(+),(,11900,
662,,,,,,T7,N,1,(+),(,11900,
663,,,,,,T7,N,1,(+),(,11900,
664,,,,,,T7,N,1,(+),(,11900,
665,,,,,,T7,N,1,(+),(,11900,
666,,,,,,T7,N,1,(+),(,11900,
667,,,,,,T7,N,1,(+),(,11900,
668,,,,,,T7,N,1,(+),(,11900,
669,,,,,,T7,N,1,(+),(,11900,
670,,,,,,T7,N,1,(+),(,11900,
671,,,,,,T7,N,1,(+),(,11900,
672,,,,,,T7,N,1,(+),(,11900,
673,,,,,,T7,N,1,(+),(,11900,
674,,,,,,T7,N,1,(+),(,11900,
675,,,,,,T7,N,1,(+),(,11900,
676,,,,,,T7,N,1,(+),(,11900,
677,,,,,,T7,N,1,(+),(,11900,
678,,,,,,T7,N,1,(+),(,11900,
679,,,,,,T7,N,1,(+),(,11900,
680,,,,,,T7,N,1,(+),(,11900,
681,,,,,,T7,N,1,(+),(,11900,
682,,,,,,T7,N,1,(+),(,11900,
683,,,,,,T7,N,1,(+),(,11900,
684,,,,,,T7,N,1,(+),(,11900,
685,,,,,,T7,N,1,(+),(,11900,
686,,,,,,T7,N,1,(+),(,11900,
687,,,,,,T7,N,1,(+),(,11900,
688,,,,,,T7,N,1,(+),(,11900,
689,,,,,,T7,N,1,(+),(,11900,
690,,,,,,T7,N,1,(+),(,11900,
691,,,,,,T7,N,1,(+),(,11900,
692,,,,,,T7,N,1,(+),(,11900,
693,,,,,,T7,N,1,(+),(,11900,
694,,,,,,T7,N,1,(+),(,11900,
695,,,,,,T7,N,1,(+),(,11900,
696,,,,,,T7,N,1,(+),(,11900,
697,,,,,,T7,N,1,(+),(,11900,
698,,,,,,T7,N,1,(+),(,11900,
699,,,,,,T7,N,1,(+),(,11900,
700,,,,,,T7,N,1,(+),(,11900,
701,,,,,,T7,N,1,(+),(,11900,
702,,,,,,T7,N,1,(+),(,11900,
703,,,,,,T7,N,1,(+),(,11900,
704,,,,,,T7,N,1,(+),(,11900,
705,,,,,,T7,N,1,(+),(,11900,
706,,,,,,T7,N,1,(+),(,11900,
707,,,,,,T7,N,1,(+),(,11900,
708,,,,,,T7,N,1,(+),(,11900,
709,,,,,,T7,N,1,(+),(,11900,
710,,,,,,T7,N,1,(+),(,11900,
711,,,,,,T7,N,1,(+),(,11900,
712,,,,,,T7,N,1,(+),(,11900,
713,,,,,,T7,N,1,(+),(,11900,
714,,,,,,T7,N,1,(+),(,11900,
715,,,,,,T7,N,1,(+),(,11900,
716,,,,,,T7,N,1,(+),(,11900,
717,,,,,,T7,N,1,(+),(,11900,
718,,,,,,T7,N,1,(+),(,11900,
719,,,,,,T7,N,1,(+),(,11900,
720,,,,,,T7,N,1,(+),(,11900,
721,,,,,,T7,N,1,(+),(,11900,
722,,,,,,T7,N,1,(+),(,11900,
723,,,,,,T7,N,1,(+),(,11900,
724,,,,,,T7,N,1,(+),(,11900,
725,,,,,,T7,N,1,(+),(,11900,
726,,,,,,T7,N,1,(+),(,11900,
727,,,,,,T7,N,1,(+),(,11900,
728,,,,,,T7,N,1,(+),(,11900,
729,,,,,,T7,N,1,(+),(,11900,
730,,,,,,T7,N,1,(+),(,11900,
731,,,,,,T7,N,1,(+),(,11900,
732,,,,,,T7,N,1,(+),(,11900,
733,,,,,,T7,N,1,(+),(,11900,
734,,,,,,T7,N,1,(+),(,11900,
735,,,,,,T7,N,1,(+),(,11900,
736,,,,,,T7,N,1,(+),(,11900,
737,,,,,,T7,N,1,(+),(,11900,
738,,,,,,T7,N,1,(+),(,11900,
739,,,,,,T7,N,1,(+),(,11900,
740,,,,,,T7,N,1,(+),(,11900,
741,,,,,,T7,N,1,(+),(,11900,
742,,,,,,T7,N,1,(+),(,11900,
743,,,,,,T7,N,1,(+),(,11900,
744,,,,,,T7,N,1,(+),(,11900,
745,,,,,,T7,N,1,(+),(,11900,
746,,,,,,T7,N,1,(+),(,11900,
747,,,,,,T7,N,1,(+),(,11900,
748,,,,,,T7,N,1,(+),(,11900,
749,,,,,,T7,N,1,(+),(,11900,
750,,,,,,T7,N,1,(+),(,11900,
751,,,,,,T7,N,1,(+),(,11900,
752,,,,,,T7,N,1,(+),(,11900,
753,,,,,,T7,N,1,(+),(,11900,
754,,,,,,T7,N,1,(+),(,11900,
755,,,,,,T7,N,1,(+),(,11900,
756,,,,,,T7,N,1,(+),(,11900,
757,,,,,,T7,N,1,(+),(,11900,
758,,,,,,T7,N,1,(+),(,11900,
759,,,,,,T7,N,1,(+),(,11900,
760,,,,,,T7,N,1,(+),(,11900,
761,,,,,,T7,N,1,(+),(,11900,
762,,,,,,T7,N,1,(+),(,11900,
763,,,,,,T7,N,1,(+),(,11900,
764,,,,,,T7,N,1,(+),(,11900,
765,,,,,,T7,N,1,(+),(,11900,
766,,,,,,T7,N,1,(+),(,11900,
767,,,,,,T7,N,1,(+),(,11900,
768,,,,,,T7,N,1,(+),(,11900,
769,,,,,,T7,N,1,(+),(,11900,
770,,,,,,T7,N,1,(+),(,11900,
771,,,,,,T7,N,1,(+),(,11900,
772,,,,,,T7,N,1,(+),(,11900,
773,,,,,,T7,N,1,(+),(,11900,
774,,,,,,T7,N,1,(+),(,11900,
775,,,,,,T7,N,1,(+),(,11900,
776,,,,,,T7,N,1,(+),(,11900,
777,,,,,,T7,N,1,(+),(,11900,
778,,,,,,T7,N,1,(+),(,11900,
779,,,,,,T7,N,1,(+),(,11900,
780,,,,,,T7,N,1,(+),(,11900,
781,,,,,,T7,N,1,(+),(,11900,
782,,,,,,T7,N,1,(+),(,11900,
783,,,,,,T7,N,1,(+),(,11900,
784,,,,,,T7,N,1,(+),(,11900,
785,,,,,,T7,N,1,(+),(,11900,
786,,,,,,T7,N,1,(+),(,11900,
787,,,,,,T7,N,1,(+),(,11900,
788,,,,,,T7,N,1,(+),(,11900,
789,,,,,,T7,N,1,(+),(,11900,
790,,,,,,T7,N,1,(+),(,11900,
791,,,,,,T7,N,1,(+),(,11900,
792,,,,,,T7,N,1,(+),(,11900,
793,,,,,,T7,N,1,(+),(,11900,
794,,,,,,T7,N,1,(+),(,11900,
795,,,,,,T7,N,1,(+),(,11900,
796,,,,,,T7,N,1,(+),(,11900,
797,,,,,,T7,N,1,(+),(,11900,
798,,,,,,T7,N,1,(+),(,11900,
799,,,,,,T7,N,1,(+),(,11900,
800,,,,,,T7,N,1,(+),(,11900,
801,,,,,,T7,N,1,(+),(,11900,
802,,,,,,T7,N,1,(+),(,11900,
803,,,,,,T7,N,1,(+),(,11900,
804,,,,,,T7,N,1,(+),(,11900,
805,,,,,,T7,N,1,(+),(,11900,
806,,,,,,T7,N,1,(+),(,11900,
807,,,,,,T7,N,1,(+),(,11900,
808,,,,,,T7,N,1,(+),(,11900,
809,,,,,,T7,N,1,(+),(,11900,
810,,,,,,T7,N,1,(+),(,11900,
811,,,,,,T7,N,1,(+),(,11900,
812,,,,,,T7,N,1,(+),(,11900,
813,,,,,,T7,N,1,(+),(,11900,
814,,,,,,T7,N,1,(+),(,11900,
815,,,,,,T7,N,1,(+),(,11900,
816,,,,,,T7,N,1,(+),(,11900,
817,,,,,,T7,N,1,(+),(,11900,
818,,,,,,T7,N,1,(+),(,11900,
819,,,,,,T7,N,1,(+),(,11900,
820,,,,,,T7,N,1,(+),(,11900,
821,,,,,,T7,N,1,(+),(,11900,
822,,,,,,T7,N,1,(+),(,11900,
823,,,,,,T7,N,1,(+),(,11900,
824,,,,,,T7,N,1,(+),(,11900,
825,,,,,,T7,N,1,(+),(,11900,
826,,,,,,T7,N,1,(+),(,11900,
827,,,,,,T7,N,1,(+),(,11900,
828,,,,,,T7,N,1,(+),(,11900,
829,,,,,,T7,N,1,(+),(,11900,
830,,,,,,T7,N,1,(+),(,11900,
831,,,,,,T7,N,1,(+),(,11900,
832,,,,,,T7,N,1,(+),(,11900,
833,,,,,,T7,N,1,(+),(,11900,
834,,,,,,T7,N,1,(+),(,11900,
835,,,,,,T7,N,1,(+),(,11900,
836,,,,,,T7,N,1,(+),(,11900,
837,,,,,,T7,N,1,(+),(,11900,
838,,,,,,T7,N,1,(+),(,11900,
839,,,,,,T7,N,1,(+),(,11900,
840,,,,,,T7,N,1,(+),(,11900,
841,,,,,,T7,N,1,(+),(,11900,
842,,,,,,T7,N,1,(+),(,11900,
843,,,,,,T7,N,1,(+),(,11900,
844,,,,,,T7,N,1,(+),(,11900,
845,,,,,,T7,N,1,(+),(,11900,
846,,,,,,T7,N,1,(+),(,11900,
847,,,,,,T7,N,1,(+),(,11900,
848,,,,,,T7,N,1,(+),(,11900,
849,,,,,,T7,N,1,(+),(,11900,
850,,,,,,T7,N,1,(+),(,11900,
851,,,,,,T7,N,1,(+),(,11900,
852,,,,,,T7,N,1,(+),(,11900,
853,,,,,,T7,N,1,(+),(,11900,
854,,,,,,T7,N,1,(+),(,11900,
855,,,,,,T7,N,1,(+),(,11900,
856,,,,,,T7,N,1,(+),(,11900,
857,,,,,,T7,N,1,(+),(,11900,
858,,,,,,T7,N,1,(+),(,11900,
859,,,,,,T7,N,1,(+),(,11900,
860,,,,,,T7,N,1,(+),(,11900,
861,,,,,,T7,N,1,(+),(,11900,
862,,,,,,T7,N,1,(+),(,11900,
863,,,,,,T7,N,1,(+),(,11900,
864,,,,,,T7,N,1,(+),(,11900,
865,,,,,,T7,N,1,(+),(,11900,
866,,,,,,T7,N,1,(+),(,11900,
867,,,,,,T7,N,1,(+),(,11900,
868,,,,,,T7,N,1,(+),(,11900,
869,,,,,,T7,N,1,(+),(,11900,
870,,,,,,T7,N,1,(+),(,11900,
871,,,,,,T7,N,1,(+),(,11900,
872,,,,,,T7,N,1,(+),(,11900,
873,,,,,,T7,N,1,(+),(,11900,
874,,,,,,T7,N,1,(+),(,11900,
875,,,,,,T7,N,1,(+),(,11900,
876,,,,,,T7,N,1,(+),(,11900,
877,,,,,,T7,N,1,(+),(,11900,
878,,,,,,T7,N,1,(+),(,11900,
879,,,,,,T7,N,1,(+),(,11900,
880,,,,,,T7,N,1,(+),(,11900,
881,,,,,,T7,N,1,(+),(,11900,
882,,,,,,T7,N,1,(+),(,11900,
883,,,,,,T7,N,1,(+),(,11900,
884,,,,,,T7,N,1,(+),(,11900,
885,,,,,,T7,N,1,(+),(,11900,
886,,,,,,T7,N,1,(+),(,11900,
887,,,,,,T7,N,1,(+),(,11900,
888,,,,,,T7,N,1,(+),(,11900,
889,,,,,,T7,N,1,(+),(,11900,
890,,,,,,T7,N,1,(+),(,11900,
891,,,,,,T7,N,1,(+),(,11900,
892,,,,,,T7,N,1,(+),(,11900,
893,,,,,,T7,N,1,(+),(,11900,
894,,,,,,T7,N,1,(+),(,11900,
895,,,,,,T7,N,1,(+),(,11900,
896,,,,,,T7,N,1,(+),(,11900,
897,,,,,,T7,N,1,(+),(,11900,
898,,,,,,T7,N,1,(+),(,11900,
899,,,,,,T7,N,1,(+),(,11900,
900,,,,,,T7,N,1,(+),(,11900,
901,,,,,,T7,N,1,(+),(,11900,
902,,,,,,T7,N,1,(+),(,11900,
903,,,,,,T7,N,1,(+),(,11900,
904,,,,,,T7,N,1,(+),(,11900,
905,,,,,,T7,N,1,(+),(,11900,
906,,,,,,T7,N,1,(+),(,11900,
907,,,,,,T7,N,1,(+),(,11900,
908,,,,,,T7,N,1,(+),(,11900,
909,,,,,,T7,N,1,(+),(,11900,
910,,,,,,T7,N,1,(+),(,11900,
911,,,,,,T7,N,1,(+),(,11900,
912,,,,,,T7,N,1,(+),(,11900,
913,,,,,,T7,N,1,(+),(,11900,
914,,,,,,T7,N,1,(+),(,11900,
915,,,,,,T7,N,1,(+),(,11900,
916,,,,,,T7,N,1,(+),(,11900,
917,,,,,,T7,N,1,(+),(,11900,
918,,,,,,T7,N,1,(+),(,11900,
919,,,,,,T7,N,1,(+),(,11900,
920,,,,,,T7,N,1,(+),(,11900,
921,,,,,,T7,N,1,(+),(,11900,
922,,,,,,T7,N,1,(+),(,11900,
923,,,,,,T7,N,1,(+),(,11900,
924,,,,,,T7,N,1,(+),(,11900,
925,,,,,,T7,N,1,(+),(,11900,
926,,,,,,T7,N,1,(+),(,11900,
927,,,,,,T7,N,1,(+),(,11900,
928,,,,,,T7,N,1,(+),(,11900,
929,,,,,,T7,N,1,(+),(,11900,
930,,,,,,T7,N,1,(+),(,11900,
931,,,,,,T7,N,1,(+),(,11900,
932,,,,,,T7,N,1,(+),(,11900,
933,,,,,,T7,N,1,(+),(,11900,
934,,,,,,T7,N,1,(+),(,11900,
935,,,,,,T7,N,1,(+),(,11900,
936,,,,,,T7,N,1,(+),(,11900,
937,,,,,,T7,N,1,(+),(,11900,
938,,,,,,T7,N,1,(+),(,11900,
939,,,,,,T7,N,1,(+),(,11900,
940,,,,,,T7,N,1,(+),(,11900,
941,,,,,,T7,N,1,(+),(,11900,
942,,,,,,T7,N,1,(+),(,11900,
943,,,,,,T7,N,1,(+),(,11900,
944,,,,,,T7,N,1,(+),(,11900,
945,,,,,,T7,N,1,(+),(,11900,
946,,,,,,T7,N,1,(+),(,11900,
947,,,,,,T7,N,1,(+),(,11900,
948,,,,,,T7,N,1,(+),(,11900,
949,,,,,,T7,N,1,(+),(,11900,
950,,,,,,T7,N,1,(+),(,11900,
951,,,,,,T7,N,1,(+),(,11900,
952,,,,,,T7,N,1,(+),(,11900,
953,,,,,,T7,N,1,(+),(,11900,
954,,,,,,T7,N,1,(+),(,11900,
955,,,,,,T7,N,1,(+),(,11900,
956,,,,,,T7,N,1,(+),(,11900,
957,,,,,,T7,N,1,(+),(,11900,
958,,,,,,T7,N,1,(+),(,11900,
959,,,,,,T7,N,1,(+),(,11900,
960,,,,,,T7,N,1,(+),(,11900,
961,,,,,,T7,N,1,(+),(,11900,
962,,,,,,T7,N,1,(+),(,11900,
963,,,,,,T7,N,1,(+),(,11900,
964,,,,,,T7,N,1,(+),(,11900,
965,,,,,,T7,N,1,(+),(,11900,
966,,,,,,T7,N,1,(+),(,11900,
967,,,,,,T7,N,1,(+),(,11900,
968,,,,,,T7,N,1,(+),(,11900,
969,,,,,,T7,N,1,(+),(,11900,
970,,,,,,T7,N,1,(+),(,11900,
971,,,,,,T7,N,1,(+),(,11900,
972,,,,,,T7,N,1,(+),(,11900,
973,,,,,,T7,N,1,(+),(,11900,
974,,,,,,T7,N,1,(+),(,11900,
975,,,,,,T7,N,1,(+),(,11900,
976,,,,,,T7,N,1,(+),(,11900,
977,,,,,,T7,N,1,(+),(,11900,
978,,,,,,T7,N,1,(+),(,11900,
979,,,,,,T7,N,1,(+),(,11900,
980,,,,,,T7,N,1,(+),(,11900,
981,,,,,,T7,N,1,(+),(,11900,
982,,,,,,T7,N,1,(+),(,11900,
983,,,,,,T7,N,1,(+),(,11900,
984,,,,,,T7,N,1,(+),(,11900,
985,,,,,,T7,N,1,(+),(,11900,
986,,,,,,T7,N,1,(+),(,11900,
987,,,,,,T7,N,1,(+),(,11900,
988,,,,,,T7,N,1,(+),(,11900,
989,,,,,,T7,N,1,(+),(,11900,
990,,,,,,T7,N,1,(+),(,11900,
991,,,,,,T7,N,1,(+),(,11900,
992,,,,,,T7,N,1,(+),(,11900,
993,,,,,,T7,N,1,(+),(,11900,
994,,,,,,T7,N,1,(+),(,11900,
995,,,,,,T7,N,1,(+),(,11900,
996,,,,,,T7,N,1,(+),(,11900,
997,,,,,,T7,N,1,(+),(,11900,
998,,,,,,T7,N,1,(+),(,11900,
999,,,,,,T7,N,1,(+),(,11900,
1000,,,,,,T7,N,1,(+),(,11900,
1001,,,,,,T7,N,1,(+),(,11900,
1002,,,,,,T7,N,1,(+),(,11900,
1003,,,,,,T7,N,1,(+),(,11900,
1004,,,,,,T7,N,1,(+),(,11900,
1005,,,,,,T7,N,1,(+),(,11900,
1006,,,,,,T7,N,1,(+),(,11900,
1007,,,,,,T7,N,1,(+),(,11900,
1008,,,,,,T7,N,1,(+),(,11900,
1009,,,,,,T7,N,1,(+),(,11900,
1010,,,,,,T7,N,1,(+),(,11900,
1011,,,,,,T7,N,1,(+),(,11900,
1012,,,,,,T7,N,1,(+),(,11900,
1013,,,,,,T7,N,1,(+),(,11900,
1014,,,,,,T7,N,1,(+),(,11900,
1015,,,,,,T7,N,1,(+),(,11900,
1016,,,,,,T7,N,1,(+),(,11900,
1017,,,,,,T7,N,1,(+),(,11900,
1018,,,,,,T7,N,1,(+),(,11900,
1019,,,,,,T7,N,1,(+),(,11900,
1020,,,,,,T7,N,1,(+),(,11900,
1021,,,,,,T7,N,1,(+),(,11900,
1022,,,,,,T7,N,1,(+),(,11900,
1023,,,,,,T7,N,1,(+),(,11900,
1024,,,,,,T7,N,1,(+),(,11900,
1025,,,,,,T7,N,1,(+),(,11900,
1026,,,,,,T7,N,1,(+),(,11900,
1027,,,,,,T7,N,1,(+),(,11900,
1028,,,,,,T7,N,1,(+),(,11900,
1029,,,,,,T7,N,1,(+),(,11900,
1030,,,,,,T7,N,1,(+),(,11900,
1031,,,,,,T7,N,1,(+),(,11900,
1032,,,,,,T7,N,1,(+),(,11900,
1033,,,,,,T7,N,1,(+),(,11900,
1034,,,,,,T7,N,1,(+),(,11900,
1035,,,,,,T7,N,1,(+),(,11900,
1036,,,,,,T7,N,1,(+),(,11900,
1037,,,,,,T7,N,1,(+),(,11900,
1038,,,,,,T7,N,1,(+),(,11900,
1039,,,,,,T7,N,1,(+),(,11900,
1040,,,,,,T7,N,1,(+),(,11900,
1041,,,,,,T7,N,1,(+),(,11900,
1042,,,,,,T7,N,1,(+),(,11900,
1043,,,,,,T7,N,1,(+),(,11900,
1044,,,,,,T7,N,1,(+),(,11900,
1045,,,,,,T7,N,1,(+),(,11900,
1046,,,,,,T7,N,1,(+),(,11900,
1047,,,,,,T7,N,1,(+),(,11900,
1048,,,,,,T7,N,1,(+),(,11900,
1049,,,,,,T7,N,1,(+),(,11900,
1050,,,,,,T7,N,1,(+),(,11900,
1051,,,,,,T7,N,1,(+),(,11900,
1052,,,,,,T7,N,1,(+),(,11900,
1053,,,,,,T7,N,1,(+),(,11900,
1054,,,,,,T7,N,1,(+),(,11900,
1055,,,,,,T7,N,1,(+),(,11900,
1056,,,,,,T7,N,1,(+),(,11900,
1057,,,,,,T7,N,1,(+),(,11900,
1058,,,,,,T7,N,1,(+),(,11900,
1059,,,,,,T7,N,1,(+),(,11900,
1060,,,,,,T7,N,1,(+),(,11900,
1061,,,,,,T7,N,1,(+),(,11900,
1062,,,,,,T7,N,1,(+),(,11900,
1063,,,,,,T7,N,1,(+),(,11900,
1064,,,,,,T7,N,1,(+),(,11900,
1065,,,,,,T7,N,1,(+),(,11900,
1066,,,,,,T7,N,1,(+),(,11900,
1067,,,,,,T7,N,1,(+),(,11900,
1068,,,,,,T7,N,1,(+),(,11900,
1069,,,,,,T7,N,1,(+),(,11900,
1070,,,,,,T7,N,1,(+),(,11900,
1071,,,,,,T7,N,1,(+),(,11900,
1072,,,,,,T7,N,1,(+),(,11900,
1073,,,,,,T7,N,1,(+),(,11900,
1074,,,,,,T7,N,1,(+),(,11900,
1075,,,,,,T7,N,1,(+),(,11900,
1076,,,,,,T7,N,1,(+),(,11900,
1077,,,,,,T7,N,1,(+),(,11900,
1078,,,,,,T7,N,1,(+),(,11900,
1079,,,,,,T7,N,1,(+),(,11900,
1080,,,,,,T7,N,1,(+),(,11900,
1081,,,,,,T7,N,1,(+),(,11900,
1082,,,,,,T7,N,1,(+),(,11900,
1083,,,,,,T7,N,1,(+),(,11900,
1084,,,,,,T7,N,1,(+),(,11900,
1085,,,,,,T7,N,1,(+),(,11900,
1086,,,,,,T7,N,1,(+),(,11900,
1087,,,,,,T7,N,1,(+),(,11900,
1088,,,,,,T7,N,1,(+),(,11900,
1089,,,,,,T7,N,1,(+),(,11900,
1090,,,,,,T7,N,1,(+),(,11900,
1091,,,,,,T7,N,1,(+),(,11900,
1092,,,,,,T7,N,1,(+),(,11900,
1093,,,,,,T7,N,1,(+),(,11900,
1094,,,,,,T7,N,1,(+),(,11900,
1095,,,,,,T7,N,1,(+),(,11900,
1096,,,,,,T7,N,1,(+),(,11900,
1097,,,,,,T7,N,1,(+),(,11900,
1098,,,,,,T7,N,1,(+),(,11900,
1099,,,,,,T7,N,1,(+),(,11900,
1100,,,,,,T7,N,1,(+),(,11900,
1101,,,,,,T7,N,1,(+),(,11900,
1102,,,,,,T7,N,1,(+),(,11900,
1103,,,,,,T7,N,1,(+),(,11900,
1104,,,,,,T7,N,1,(+),(,11900,
1105,,,,,,T7,N,1,(+),(,11900,
1106,,,,,,T7,N,1,(+),(,11900,
1107,,,,,,T7,N,1,(+),(,11900,
1108,,,,,,T7,N,1,(+),(,11900,
1109,,,,,,T7,N,1,(+),(,11900,
1110,,,,,,T7,N,1,(+),(,11900,
1111,,,,,,T7,N,1,(+),(,11900,
1112,,,,,,T7,N,1,(+),(,11900,
1113,,,,,,T7,N,1,(+),(,11900,
1114,,,,,,T7,N,1,(+),(,11900,
1115,,,,,,T7,N,1,(+),(,11900,
1116,,,,,,T7,N,1,(+),(,11900,
1117,,,,,,T7,N,1,(+),(,11900,
1118,,,,,,T7,N,1,(+),(,11900,
1119,,,,,,T7,N,1,(+),(,11900,
1120,,,,,,T7,N,1,(+),(,11900,
1121,,,,,,T7,N,1,(+),(,11900,
1122,,,,,,T7,N,1,(+),(,11900,
1123,,,,,,T7,N,1,(+),(,11900,
1124,,,,,,T7,N,1,(+),(,11900,
1125,,,,,,T7,N,1,(+),(,11900,
1126,,,,,,T7,N,1,(+),(,11900,
1127,,,,,,T7,N,1,(+),(,11900,
1128,,,,,,T7,N,1,(+),(,11900,
1129,,,,,,T7,N,1,(+),(,11900,
1130,,,,,,T7,N,1,(+),(,11900,
1131,,,,,,T7,N,1,(+),(,11900,
1132,,,,,,T7,N,1,(+),(,11900,
1133,,,,,,T7,N,1,(+),(,11900,
1134,,,,,,T7,N,1,(+),(,11900,
1135,,,,,,T7,N,1,(+),(,11900,
1136,,,,,,T7,N,1,(+),(,11900,
1137,,,,,,T7,N,1,(+),(,11900,
1138,,,,,,T7,N,1,(+),(,11900,
1139,,,,,,T7,N,1,(+),(,11900,
1140,,,,,,T7,N,1,(+),(,11900,
1141,,,,,,T7,N,1,(+),(,11900,
1142,,,,,,T7,N,1,(+),(,11900,
1143,,,,,,T7,N,1,(+),(,11900,
1144,,,,,,T7,N,1,(+),(,11900,
1145,,,,,,T7,N,1,(+),(,11900,
1146,,,,,,T7,N,1,(+),(,11900,
1147,,,,,,T7,N,1,(+),(,11900,
1148,,,,,,T7,N,1,(+),(,11900,
1149,,,,,,T7,N,1,(+),(,11900,
1150,,,,,,T7,N,1,(+),(,11900,
1151,,,,,,T7,N,1,(+),(,11900,
1152,,,,,,T7,N,1,(+),(,11900,
1153,,,,,,T7,N,1,(+),(,11900,
1154,,,,,,T7,N,1,(+),(,11900,
1155,,,,,,T7,N,1,(+),(,11900,
1156,,,,,,T7,N,1,(+),(,11900,
1157,,,,,,T7,N,1,(+),(,11900,
1158,,,,,,T7,N,1,(+),(,11900,
1159,,,,,,T7,N,1,(+),(,11900,
1160,,,,,,T7,N,1,(+),(,11900,
1161,,,,,,T7,N,1,(+),(,11900,
1162,,,,,,T7,N,1,(+),(,11900,
1163,,,,,,T7,N,1,(+),(,11900,
1164,,,,,,T7,N,1,(+),(,11900,
1165,,,,,,T7,N,1,(+),(,11900,
1166,,,,,,T7,N,1,(+),(,11900,
1167,,,,,,T7,N,1,(+),(,11900,
1168,,,,,,T7,N,1,(+),(,11900,
1169,,,,,,T7,N,1,(+),(,11900,
1170,,,,,,T7,N,1,(+),(,11900,
1171,,,,,,T7,N,1,(+),(,11900,
1172,,,,,,T7,N,1,(+),(,11900,
1173,,,,,,T7,N,1,(+),(,11900,
1174,,,,,,T7,N,1,(+),(,11900,
1175,,,,,,T7,N,1,(+),(,11900,
1176,,,,,,T7,N,1,(+),(,11900,
1177,,,,,,T7,N,1,(+),(,11900,
1178,,,,,,T7,N,1,(+),(,11900,
1179,,,,,,T7,N,1,(+),(,11900,
1180,,,,,,T7,N,1,(+),(,11900,
1181,,,,,,T7,N,1,(+),(,11900,
1182,,,,,,T7,N,1,(+),(,11900,
1183,,,,,,T7,N,1,(+),(,11900,
1184,,,,,,T7,N,1,(+),(,11900,
1185,,,,,,T7,N,1,(+),(,11900,
1186,,,,,,T7,N,1,(+),(,11900,
1187,,,,,,T7,N,1,(+),(,11900,
1188,,,,,,T7,N,1,(+),(,11900,
1189,,,,,,T7,N,1,(+),(,11900,
1190,,,,,,T7,N,1,(+),(,11900,
1191,,,,,,T7,N,1,(+),(,11900,
1192,,,,,,T7,N,1,(+),(,11900,
1193,,,,,,T7,N,1,(+),(,11900,
1194,,,,,,T7,N,1,(+),(,11900,
1195,,,,,,T7,N,1,(+),(,11900,
1196,,,,,,T7,N,1,(+),(,11900,
1197,,,,,,T7,N,1,(+),(,11900,
1198,,,,,,T7,N,1,(+),(,11900,
1199,,,,,,T7,N,1,(+),(,11900,
1200,,,,,,T7,N,1,(+),(,11900,
1201,,,,,,T7,N,1,(+),(,11900,
1202,,,,,,T7,N,1,(+),(,11900,
1203,,,,,,T7,N,1,(+),(,11900,
1204,,,,,,T7,N,1,(+),(,11900,
1205,,,,,,T7,N,1,(+),(,11900,
1206,,,,,,T7,N,1,(+),(,11900,
1207,,,,,,T7,N,1,(+),(,11900,
1208,,,,,,T7,N,1,(+),(,11900,
1209,,,,,,T7,N,1,(+),(,11900,
1210,,,,,,T7,N,1,(+),(,11900,
1211,,,,,,T7,N,1,(+),(,11900,
1212,,,,,,T7,N,1,(+),(,11900,
1213,,,,,,T7,N,1,(+),(,11900,
1214,,,,,,T7,N,1,(+),(,11900,
1215,,,,,,T7,N,1,(+),(,11900,
1216,,,,,,T7,N,1,(+),(,11900,
1217,,,,,,T7,N,1,(+),(,11900,
1218,,,,,,T7,N,1,(+),(,11900,
1219,,,,,,T7,N,1,(+),(,11900,
1220,,,,,,T7,N,1,(+),(,11900,
1221,,,,,,T7,N,1,(+),(,11900,
1222,,,,,,T7,N,1,(+),(,11900,
1223,,,,,,T7,N,1,(+),(,11900,
1224,,,,,,T7,N,1,(+),(,11900,
1225,,,,,,T7,N,1,(+),(,11900,
1226,,,,,,T7,N,1,(+),(,11900,
1227,,,,,,T7,N,1,(+),(,11900,
1228,,,,,,T7,N,1,(+),(,11900,
1229,,,,,,T7,N,1,(+),(,11900,
1230,,,,,,T7,N,1,(+),(,11900,
1231,,,,,,T7,N,1,(+),(,11900,
1232,,,,,,T7,N,1,(+),(,11900,
1233,,,,,,T7,N,1,(+),(,11900,
1234,,,,,,T7,N,1,(+),(,11900,
1235,,,,,,T7,N,1,(+),(,11900,
1236,,,,,,T7,N,1,(+),(,11900,
1237,,,,,,T7,N,1,(+),(,11900,
1238,,,,,,T7,N,1,(+),(,11900,
1239,,,,,,T7,N,1,(+),(,11900,
1240,,,,,,T7,N,1,(+),(,11900,
1241,,,,,,T7,N,1,(+),(,11900,
1242,,,,,,T7,N,1,(+),(,11900,
1243,,,,,,T7,N,1,(+),(,11900,
1244,,,,,,T7,N,1,(+),(,11900,
1245,,,,,,T7,N,1,(+),(,11900,
1246,,,,,,T7,N,1,(+),(,11900,
1247,,,,,,T7,N,1,(+),(,11900,
1248,,,,,,T7,N,1,(+),(,11900,
1249,,,,,,T7,N,1,(+),(,11900,
1250,,,,,,T7,N,1,(+),(,11900,
1251,,,,,,T7,N,1,(+),(,11900,
1252,,,,,,T7,N,1,(+),(,11900,
1253,,,,,,T7,N,1,(+),(,11900,
1254,,,,,,T7,N,1,(+),(,11900,
1255,,,,,,T7,N,1,(+),(,11900,
1256,,,,,,T7,N,1,(+),(,11900,
1257,,,,,,T7,N,1,(+),(,11900,
1258,,,,,,T7,N,1,(+),(,11900,
1259,,,,,,T7,N,1,(+),(,11900,
1260,,,,,,T7,N,1,(+),(,11900,
1261,,,,,,T7,N,1,(+),(,11900,
1262,,,,,,T7,N,1,(+),(,11900,
1263,,,,,,T7,N,1,(+),(,11900,
1264,,,,,,T7,N,1,(+),(,11900,
1265,,,,,,T7,N,1,(+),(,11900,
1266,,,,,,T7,N,1,(+),(,11900,
1267,,,,,,T7,N,1,(+),(,11900,
1268,,,,,,T7,N,1,(+),(,11900,
1269,,,,,,T7,N,1,(+),(,11900,
1270,,,,,,T7,N,1,(+),(,11900,
1271,,,,,,T7,N,1,(+),(,11900,
1272,,,,,,T7,N,1,(+),(,11900,
1273,,,,,,T7,N,1,(+),(,11900,
1274,,,,,,T7,N,1,(+),(,11900,
1275,,,,,,T7,N,1,(+),(,11900,
1276,,,,,,T7,N,1,(+),(,11900,
1277,,,,,,T7,N,1,(+),(,11900,
1278,,,,,,T7,N,1,(+),(,11900,
1279,,,,,,T7,N,1,(+),(,11900,
1280,,,,,,T7,N,1,(+),(,11900,
1281,,,,,,T7,N,1,(+),(,11900,
1282,,,,,,T7,N,1,(+),(,11900,
1283,,,,,,T7,N,1,(+),(,11900,
1284,,,,,,T7,N,1,(+),(,11900,
1285,,,,,,T7,N,1,(+),(,11900,
1286,,,,,,T7,N,1,(+),(,11900,
1287,,,,,,T7,N,1,(+),(,11900,
1288,,,,,,T7,N,1,(+),(,11900,
1289,,,,,,T7,N,1,(+),(,11900,
1290,,,,,,T7,N,1,(+),(,11900,
1291,,,,,,T7,N,1,(+),(,11900,
1292,,,,,,T7,N,1,(+),(,11900,
1293,,,,,,T7,N,1,(+),(,11900,
1294,,,,,,T7,N,1,(+),(,11900,
1295,,,,,,T7,N,1,(+),(,11900,
1296,,,,,,T7,N,1,(+),(,11900,
1297,,,,,,T7,N,1,(+),(,11900,
1298,,,,,,T7,N,1,(+),(,11900,
1299,,,,,,T7,N,1,(+),(,11900,
1300,,,,,,T7,N,1,(+),(,11900,
1301,,,,,,T7,N,1,(+),(,11900,
1302,,,,,,T7,N,1,(+),(,11900,
1303,,,,,,T7,N,1,(+),(,11900,
1304,,,,,,T7,N,1,(+),(,11900,
1305,,,,,,T7,N,1,(+),(,11900,
1306,,,,,,T7,N,1,(+),(,11900,
1307,,,,,,T7,N,1,(+),(,11900,
1308,,,,,,T7,N,1,(+),(,11900,
1309,,,,,,T7,N,1,(+),(,11900,
1310,,,,,,T7,N,1,(+),(,11900,
1311,,,,,,T7,N,1,(+),(,11900,
1312,,,,,,T7,N,1,(+),(,11900,
1313,,,,,,T7,N,1,(+),(,11900,
1314,,,,,,T7,N,1,(+),(,11900,
1315,,,,,,T7,N,1,(+),(,11900,
1316,,,,,,T7,N,1,(+),(,11900,
1317,,,,,,T7,N,1,(+),(,11900,
1318,,,,,,T7,N,1,(+),(,11900,
1319,,,,,,T7,N,1,(+),(,11900,
1320,,,,,,T7,N,1,(+),(,11900,
1321,,,,,,T7,N,1,(+),(,11900,
1322,,,,,,T7,N,1,(+),(,11900,
1323,,,,,,T7,N,1,(+),(,11900,
1324,,,,,,T7,N,1,(+),(,11900,
1325,,,,,,T7,N,1,(+),(,11900,
1326,,,,,,T7,N,1,(+),(,11900,
1327,,,,,,T7,N,1,(+),(,11900,
1328,,,,,,T7,N,1,(+),(,11900,
1329,,,,,,T7,N,1,(+),(,11900,
1330,,,,,,T7,N,1,(+),(,11900,
1331,,,,,,T7,N,1,(+),(,11900,
1332,,,,,,T7,N,1,(+),(,11900,
1333,,,,,,T7,N,1,(+),(,11900,
1334,,,,,,T7,N,1,(+),(,11900,
1335,,,,,,T7,N,1,(+),(,11900,
1336,,,,,,T7,N,1,(+),(,11900,
1337,,,,,,T7,N,1,(+),(,11900,
1338,,,,,,T7,N,1,(+),(,11900,
1339,,,,,,T7,N,1,(+),(,11900,
1340,,,,,,T7,N,1,(+),(,11900,
1341,,,,,,T7,N,1,(+),(,11900,
1342,,,,,,T7,N,1,(+),(,11900,
1343,,,,,,T7,N,1,(+),(,11900,
1344,,,,,,T7,N,1,(+),(,11900,
1345,,,,,,T7,N,1,(+),(,11900,
1346,,,,,,T7,N,1,(+),(,11900,
1347,,,,,,T7,N,1,(+),(,11900,
1348,,,,,,T7,N,1,(+),(,11900,
1349,,,,,,T7,N,1,(+),(,11900,
1350,,,,,,T7,N,1,(+),(,11900,
1351,,,,,,T7,N,1,(+),(,11900,
1352,,,,,,T7,N,1,(+),(,11900,
1353,,,,,,T7,N,1,(+),(,11900,
1354,,,,,,T7,N,1,(+),(,11900,
1355,,,,,,T7,N,1,(+),(,11900,
1356,,,,,,T7,N,1,(+),(,11900,
1357,,,,,,T7,N,1,(+),(,11900,
1358,,,,,,T7,N,1,(+),(,11900,
1359,,,,,,T7,N,1,(+),(,11900,
1360,,,,,,T7,N,1,(+),(,11900,
1361,,,,,,T7,N,1,(+),(,11900,
1362,,,,,,T7,N,1,(+),(,11900,
1363,,,,,,T7,N,1,(+),(,11900,
1364,,,,,,T7,N,1,(+),(,11900,
1365,,,,,,T7,N,1,(+),(,11900,
1366,,,,,,T7,N,1,(+),(,11900,
1367,,,,,,T7,N,1,(+),(,11900,
1368,,,,,,T7,N,1,(+),(,11900,
1369,,,,,,T7,N,1,(+),(,11900,
1370,,,,,,T7,N,1,(+),(,11900,
1371,,,,,,T7,N,1,(+),(,11900,
1372,,,,,,T7,N,1,(+),(,11900,
1373,,,,,,T7,N,1,(+),(,11900,
1374,,,,,,T7,N,1,(+),(,11900,
1375,,,,,,T7,N,1,(+),(,11900,
1376,,,,,,T7,N,1,(+),(,11900,
1377,,,,,,T7,N,1,(+),(,11900,
1378,,,,,,T7,N,1,(+),(,11900,
1379,,,,,,T7,N,1,(+),(,11900,
1380,,,,,,T7,N,1,(+),(,11900,
1381,,,,,,T7,N,1,(+),(,11900,
1382,,,,,,T7,N,1,(+),(,11900,
1383,,,,,,T7,N,1,(+),(,11900,
1384,,,,,,T7,N,1,(+),(,11900,
1385,,,,,,T7,N,1,(+),(,11900,
1386,,,,,,T7,N,1,(+),(,11900,
1387,,,,,,T7,N,1,(+),(,11900,
1388,,,,,,T7,N,1,(+),(,11900,
1389,,,,,,T7,N,1,(+),(,11900,
1390,,,,,,T7,N,1,(+),(,11900,
1391,,,,,,T7,N,1,(+),(,11900,
1392,,,,,,T7,N,1,(+),(,11900,
1393,,,,,,T7,N,1,(+),(,11900,
1394,,,,,,T7,N,1,(+),(,11900,
1395,,,,,,T7,N,1,(+),(,11900,
1396,,,,,,T7,N,1,(+),(,11900,
1397,,,,,,T7,N,1,(+),(,11900,
1398,,,,,,T7,N,1,(+),(,11900,
1399,,,,,,T7,N,1,(+),(,11900,
1400,,,,,,T7,N,1,(+),(,11900,
1401,,,,,,T7,N,1,(+),(,11900,
1402,,,,,,T7,N,1,(+),(,11900,
1403,,,,,,T7,N,1,(+),(,11900,
1404,,,,,,T7,N,1,(+),(,11900,
1405,,,,,,T7,N,1,(+),(,11900,
1406,,,,,,T7,N,1,(+),(,11900,
1407,,,,,,T7,N,1,(+),(,11900,
1408,,,,,,T7,N,1,(+),(,11900,
1409,,,,,,T7,N,1,(+),(,11900,
1410,,,,,,T7,N,1,(+),(,11900,
1411,,,,,,T7,N,1,(+),(,11900,
1412,,,,,,T7,N,1,(+),(,11900,
1413,,,,,,T7,N,1,(+),(,11900,
1414,,,,,,T7,N,1,(+),(,11900,
1415,,,,,,T7,N,1,(+),(,11900,
1416,,,,,,T7,N,1,(+),(,11900,
1417,,,,,,T7,N,1,(+),(,11900,
1418,,,,,,T7,N,1,(+),(,11900,
1419,,,,,,T7,N,1,(+),(,11900,
1420,,,,,,T7,N,1,(+),(,11900,
1421,,,,,,T7,N,1,(+),(,11900,
1422,,,,,,T7,N,1,(+),(,11900,
1423,,,,,,T7,N,1,(+),(,11900,
1424,,,,,,T7,N,1,(+),(,11900,
1425,,,,,,T7,N,1,(+),(,11900,
1426,,,,,,T7,N,1,(+),(,11900,
1427,,,,,,T7,N,1,(+),(,11900,
1428,,,,,,T7,N,1,(+),(,11900,
1429,,,,,,T7,N,1,(+),(,11900,
1430,,,,,,T7,N,1,(+),(,11900,
1431,,,,,,T7,N,1,(+),(,11900,
1432,,,,,,T7,N,1,(+),(,11900,
1433,,,,,,T7,N,1,(+),(,11900,
1434,,,,,,T7,N,1,(+),(,11900,
1435,,,,,,T7,N,1,(+),(,11900,
1436,,,,,,T7,N,1,(+),(,11900,
1437,,,,,,T7,N,1,(+),(,11900,
1438,,,,,,T7,N,1,(+),(,11900,
1439,,,,,,T7,N,1,(+),(,11900,
1440,,,,,,T7,N,1,(+),(,11900,
1441,,,,,,T7,N,1,(+),(,11900,
1442,,,,,,T7,N,1,(+),(,11900,
1443,,,,,,T7,N,1,(+),(,11900,
1444,,,,,,T7,N,1,(+),(,11900,
1445,,,,,,T7,N,1,(+),(,11900,
1446,,,,,,T7,N,1,(+),(,11900,
1447,,,,,,T7,N,1,(+),(,11900,
1448,,,,,,T7,N,1,(+),(,11900,
1449,,,,,,T7,N,1,(+),(,11900,
1450,,,,,,T7,N,1,(+),(,11900,
1451,,,,,,T7,N,1,(+),(,11900,
1452,,,,,,T7,N,1,(+),(,11900,
1453,,,,,,T7,N,1,(+),(,11900,
1454,,,,,,T7,N,1,(+),(,11900,
1455,,,,,,T7,N,1,(+),(,11900,
1456,,,,,,T7,N,1,(+),(,11900,
1457,,,,,,T7,N,1,(+),(,11900,
1458,,,,,,T7,N,1,(+),(,11900,
1459,,,,,,T7,N,1,(+),(,11900,
1460,,,,,,T7,N,1,(+),(,11900,
1461,,,,,,T7,N,1,(+),(,11900,
1462,,,,,,T7,N,1,(+),(,11900,
1463,,,,,,T7,N,1,(+),(,11900,
1464,,,,,,T7,N,1,(+),(,11900,
1465,,,,,,T7,N,1,(+),(,11900,
1466,,,,,,T7,N,1,(+),(,11900,
1467,,,,,,T7,N,1,(+),(,11900,
1468,,,,,,T7,N,1,(+),(,11900,
1469,,,,,,T7,N,1,(+),(,11900,
1470,,,,,,T7,N,1,(+),(,11900,
1471,,,,,,T7,N,1,(+),(,11900,
1472,,,,,,T7,N,1,(+),(,11900,
1473,,,,,,T7,N,1,(+),(,11900,
1474,,,,,,T7,N,1,(+),(,11900,
1475,,,,,,T7,N,1,(+),(,11900,
1476,,,,,,T7,N,1,(+),(,11900,
1477,,,,,,T7,N,1,(+),(,11900,
1478,,,,,,T7,N,1,(+),(,11900,
1479,,,,,,T7,N,1,(+),(,11900,
1480,,,,,,T7,N,1,(+),(,11900,
1481,,,,,,T7,N,1,(+),(,11900,
1482,,,,,,T7,N,1,(+),(,11900,
1483,,,,,,T7,N,1,(+),(,11900,
1484,,,,,,T7,N,1,(+),(,11900,
1485,,,,,,T7,N,1,(+),(,11900,
1486,,,,,,T7,N,1,(+),(,11900,
1487,,,,,,T7,N,1,(+),(,11900,
1488,,,,,,T7,N,1,(+),(,11900,
1489,,,,,,T7,N,1,(+),(,11900,
1490,,,,,,T7,N,1,(+),(,11900,
1491,,,,,,T7,N,1,(+),(,11900,
1492,,,,,,T7,N,1,(+),(,11900,
1493,,,,,,T7,N,1,(+),(,11900,
1494,,,,,,T7,N,1,(+),(,11900,
1495,,,,,,T7,N,1,(+),(,11900,
1496,,,,,,T7,N,1,(+),(,11900,
1497,,,,,,T7,N,1,(+),(,11900,
1498,,,,,,T7,N,1,(+),(,11900,
1499,,,,,,T7,N,1,(+),(,11900,
1500,,,,,,T7,N,1,(+),(,11900,
1501,,,,,,T7,N,1,(+),(,11900,
1502,,,,,,T7,N,1,(+),(,11900,
1503,,,,,,T7,N,1,(+),(,11900,
1504,,,,,,T7,N,1,(+),(,11900,
1505,,,,,,T7,N,1,(+),(,11900,
1506,,,,,,T7,N,1,(+),(,11900,
1507,,,,,,T7,N,1,(+),(,11900,
1508,,,,,,T7,N,1,(+),(,11900,
1509,,,,,,T7,N,1,(+),(,11900,
1510,,,,,,T7,N,1,(+),(,11900,
1511,,,,,,T7,N,1,(+),(,11900,
1512,,,,,,T7,N,1,(+),(,11900,
1513,,,,,,T7,N,1,(+),(,11900,
1514,,,,,,T7,N,1,(+),(,11900,
1515,,,,,,T7,N,1,(+),(,11900,
1516,,,,,,T7,N,1,(+),(,11900,
1517,,,,,,T7,N,1,(+),(,11900,
1518,,,,,,T7,N,1,(+),(,11900,
1519,,,,,,T7,N,1,(+),(,11900,
1520,,,,,,T7,N,1,(+),(,11900,
1521,,,,,,T7,N,1,(+),(,11900,
1522,,,,,,T7,N,1,(+),(,11900,
1523,,,,,,T7,N,1,(+),(,11900,
1524,,,,,,T7,N,1,(+),(,11900,
1525,,,,,,T7,N,1,(+),(,11900,
1526,,,,,,T7,N,1,(+),(,11900,
1527,,,,,,T7,N,1,(+),(,11900,
1528,,,,,,T7,N,1,(+),(,11900,
1529,,,,,,T7,N,1,(+),(,11900,
1530,,,,,,T7,N,1,(+),(,11900,
1531,,,,,,T7,N,1,(+),(,11900,
1532,,,,,,T7,N,1,(+),(,11900,
1533,,,,,,T7,N,1,(+),(,11900,
1534,,,,,,T7,N,1,(+),(,11900,
1535,,,,,,T7,N,1,(+),(,11900,
1536,,,,,,T7,N,1,(+),(,11900,
1537,,,,,,T7,N,1,(+),(,11900,
1538,,,,,,T7,N,1,(+),(,11900,
1539,,,,,,T7,N,1,(+),(,11900,
1540,,,,,,T7,N,1,(+),(,11900,
1541,,,,,,T7,N,1,(+),(,11900,
1542,,,,,,T7,N,1,(+),(,11900,
1543,,,,,,T7,N,1,(+),(,11900,
1544,,,,,,T7,N,1,(+),(,11900,
1545,,,,,,T7,N,1,(+),(,11900,
1546,,,,,,T7,N,1,(+),(,11900,
1547,,,,,,T7,N,1,(+),(,11900,
1548,,,,,,T7,N,1,(+),(,11900,
1549,,,,,,T7,N,1,(+),(,11900,
1550,,,,,,T7,N,1,(+),(,11900,
1551,,,,,,T7,N,1,(+),(,11900,
1552,,,,,,T7,N,1,(+),(,11900,
1553,,,,,,T7,N,1,(+),(,11900,
1554,,,,,,T7,N,1,(+),(,11900,
1555,,,,,,T7,N,1,(+),(,11900,
1556,,,,,,T7,N,1,(+),(,11900,
1557,,,,,,T7,N,1,(+),(,11900,
1558,,,,,,T7,N,1,(+),(,11900,
1559,,,,,,T7,N,1,(+),(,11900,
1560,,,,,,T7,N,1,(+),(,11900,
1561,,,,,,T7,N,1,(+),(,11900,
1562,,,,,,T7,N,1,(+),(,11900,
1563,,,,,,T7,N,1,(+),(,11900,
1564,,,,,,T7,N,1,(+),(,11900,
1565,,,,,,T7,N,1,(+),(,11900,
1566,,,,,,T7,N,1,(+),(,11900,
1567,,,,,,T7,N,1,(+),(,11900,
1568,,,,,,T7,N,1,(+),(,11900,
1569,,,,,,T7,N,1,(+),(,11900,
1570,,,,,,T7,N,1,(+),(,11900,
1571,,,,,,T7,N,1,(+),(,11900,
1572,,,,,,T7,N,1,(+),(,11900,
1573,,,,,,T7,N,1,(+),(,11900,
1574,,,,,,T7,N,1,(+),(,11900,
1575,,,,,,T7,N,1,(+),(,11900,
1576,,,,,,T7,N,1,(+),(,11900,
1577,,,,,,T7,N,1,(+),(,11900,
1578,,,,,,T7,N,1,(+),(,11900,
1579,,,,,,T7,N,1,(+),(,11900,
1580,,,,,,T7,N,1,(+),(,11900,
1581,,,,,,T7,N,1,(+),(,11900,
1582,,,,,,T7,N,1,(+),(,11900,
1583,,,,,,T7,N,1,(+),(,11900,
1584,,,,,,T7,N,1,(+),(,11900,
1585,,,,,,T7,N,1,(+),(,11900,
1586,,,,,,T7,N,1,(+),(,11900,
1587,,,,,,T7,N,1,(+),(,11900,
1588,,,,,,T7,N,1,(+),(,11900,
1589,,,,,,T7,N,1,(+),(,11900,
1590,,,,,,T7,N,1,(+),(,11900,
1591,,,,,,T7,N,1,(+),(,11900,
1592,,,,,,T7,N,1,(+),(,11900,
1593,,,,,,T7,N,1,(+),(,11900,
1594,,,,,,T7,N,1,(+),(,11900,
1595,,,,,,T7,N,1,(+),(,11900,
1596,,,,,,T7,N,1,(+),(,11900,
1597,,,,,,T7,N,1,(+),(,11900,
1598,,,,,,T7,N,1,(+),(,11900,
1599,,,,,,T7,N,1,(+),(,11900,
1600,,,,,,T7,N,1,(+),(,11900,
1601,,,,,,T7,N,1,(+),(,11900,
1602,,,,,,T7,N,1,(+),(,11900,
1603,,,,,,T7,N,1,(+),(,11900,
1604,,,,,,T7,N,1,(+),(,11900,
1605,,,,,,T7,N,1,(+),(,11900,
1606,,,,,,T7,N,1,(+),(,11900,
1607,,,,,,T7,N,1,(+),(,11900,
1608,,,,,,T7,N,1,(+),(,11900,
1609,,,,,,T7,N,1,(+),(,11900,
1610,,,,,,T7,N,1,(+),(,11900,
1611,,,,,,T7,N,1,(+),(,11900,
1612,,,,,,T7,N,1,(+),(,11900,
1613,,,,,,T7,N,1,(+),(,11900,
1614,,,,,,T7,N,1,(+),(,11900,
1615,,,,,,T7,N,1,(+),(,11900,
1616,,,,,,T7,N,1,(+),(,11900,
1617,,,,,,T7,N,1,(+),(,11900,
1618,,,,,,T7,N,1,(+),(,11900,
1619,,,,,,T7,N,1,(+),(,11900,
1620,,,,,,T7,N,1,(+),(,11900,
1621,,,,,,T7,N,1,(+),(,11900,
1622,,,,,,T7,N,1,(+),(,11900,
1623,,,,,,T7,N,1,(+),(,11900,
1624,,,,,,T7,N,1,(+),(,11900,
1625,,,,,,T7,N,1,(+),(,11900,
1626,,,,,,T7,N,1,(+),(,11900,
1627,,,,,,T7,N,1,(+),(,11900,
1628,,,,,,T7,N,1,(+),(,11900,
1629,,,,,,T7,N,1,(+),(,11900,
1630,,,,,,T7,N,1,(+),(,11900,
1631,,,,,,T7,N,1,(+),(,11900,
1632,,,,,,T7,N,1,(+),(,11900,
1633,,,,,,T7,N,1,(+),(,11900,
1634,,,,,,T7,N,1,(+),(,11900,
1635,,,,,,T7,N,1,(+),(,11900,
1636,,,,,,T7,N,1,(+),(,11900,
1637,,,,,,T7,N,1,(+),(,11900,
1638,,,,,,T7,N,1,(+),(,11900,
1639,,,,,,T7,N,1,(+),(,11900,
1640,,,,,,T7,N,1,(+),(,11900,
1641,,,,,,T7,N,1,(+),(,11900,
1642,,,,,,T7,N,1,(+),(,11900,
1643,,,,,,T7,N,1,(+),(,11900,
1644,,,,,,T7,N,1,(+),(,11900,
1645,,,,,,T7,N,1,(+),(,11900,
1646,,,,,,T7,N,1,(+),(,11900,
1647,,,,,,T7,N,1,(+),(,11900,
1648,,,,,,T7,N,1,(+),(,11900,
1649,,,,,,T7,N,1,(+),(,11900,
1650,,,,,,T7,N,1,(+),(,11900,
1651,,,,,,T7,N,1,(+),(,11900,
1652,,,,,,T7,N,1,(+),(,11900,
1653,,,,,,T7,N,1,(+),(,11900,
1654,,,,,,T7,N,1,(+),(,11900,
1655,,,,,,T7,N,1,(+),(,11900,
1656,,,,,,T7,N,1,(+),(,11900,
1657,,,,,,T7,N,1,(+),(,11900,
1658,,,,,,T7,N,1,(+),(,11900,
1659,,,,,,T7,N,1,(+),(,11900,
1660,,,,,,T7,N,1,(+),(,11900,
1661,,,,,,T7,N,1,(+),(,11900,
1662,,,,,,T7,N,1,(+),(,11900,
1663,,,,,,T7,N,1,(+),(,11900,
1664,,,,,,T7,N,1,(+),(,11900,
1665,,,,,,T7,N,1,(+),(,11900,
1666,,,,,,T7,N,1,(+),(,11900,
1667,,,,,,T7,N,1,(+),(,11900,
1668,,,,,,T7,N,1,(+),(,11900,
1669,,,,,,T7,N,1,(+),(,11900,
1670,,,,,,T7,N,1,(+),(,11900,
1671,,,,,,T7,N,1,(+),(,11900,
1672,,,,,,T7,N,1,(+),(,11900,
1673,,,,,,T7,N,1,(+),(,11900,
1674,,,,,,T7,N,1,(+),(,11900,
1675,,,,,,T7,N,1,(+),(,11900,
1676,,,,,,T7,N,1,(+),(,11900,
1677,,,,,,T7,N,1,(+),(,11900,
1678,,,,,,T7,N,1,(+),(,11900,
1679,,,,,,T7,N,1,(+),(,11900,
1680,,,,,,T7,N,1,(+),(,11900,
1681,,,,,,T7,N,1,(+),(,11900,
1682,,,,,,T7,N,1,(+),(,11900,
1683,,,,,,T7,N,1,(+),(,11900,
1684,,,,,,T7,N,1,(+),(,11900,
1685,,,,,,T7,N,1,(+),(,11900,
1686,,,,,,T7,N,1,(+),(,11900,
1687,,,,,,T7,N,1,(+),(,11900,
1688,,,,,,T7,N,1,(+),(,11900,
1689,,,,,,T7,N,1,(+),(,11900,
1690,,,,,,T7,N,1,(+),(,11900,
1691,,,,,,T7,N,1,(+),(,11900,
1692,,,,,,T7,N,1,(+),(,11900,
1693,,,,,,T7,N,1,(+),(,11900,
1694,,,,,,T7,N,1,(+),(,11900,
1695,,,,,,T7,N,1,(+),(,11900,
1696,,,,,,T7,N,1,(+),(,11900,
1697,,,,,,T7,N,1,(+),(,11900,
1698,,,,,,T7,N,1,(+),(,11900,
1699,,,,,,T7,N,1,(+),(,11900,
1700,,,,,,T7,N,1,(+),(,11900,
1701,,,,,,T7,N,1,(+),(,11900,
1702,,,,,,T7,N,1,(+),(,11900,
1703,,,,,,T7,N,1,(+),(,11900,
1704,,,,,,T7,N,1,(+),(,11900,
1705,,,,,,T7,N,1,(+),(,11900,
1706,,,,,,T7,N,1,(+),(,11900,
1707,,,,,,T7,N,1,(+),(,11900,
1708,,,,,,T7,N,1,(+),(,11900,
1709,,,,,,T7,N,1,(+),(,11900,
1710,,,,,,T7,N,1,(+),(,11900,
1711,,,,,,T7,N,1,(+),(,11900,
1712,,,,,,T7,N,1,(+),(,11900,
1713,,,,,,T7,N,1,(+),(,11900,
1714,,,,,,T7,N,1,(+),(,11900,
1715,,,,,,T7,N,1,(+),(,11900,
1716,,,,,,T7,N,1,(+),(,11900,
1717,,,,,,T7,N,1,(+),(,11900,
1718,,,,,,T7,N,1,(+),(,11900,
1719,,,,,,T7,N,1,(+),(,11900,
1720,,,,,,T7,N,1,(+),(,11900,
1721,,,,,,T7,N,1,(+),(,11900,
1722,,,,,,T7,N,1,(+),(,11900,
1723,,,,,,T7,N,1,(+),(,11900,
1724,,,,,,T7,N,1,(+),(,11900,
1725,,,,,,T7,N,1,(+),(,11900,
1726,,,,,,T7,N,1,(+),(,11900,
1727,,,,,,T7,N,1,(+),(,11900,
1728,,,,,,T7,N,1,(+),(,11900,
1729,,,,,,T7,N,1,(+),(,11900,
1730,,,,,,T7,N,1,(+),(,11900,
1731,,,,,,T7,N,1,(+),(,11900,
1732,,,,,,T7,N,1,(+),(,11900,
1733,,,,,,T7,N,1,(+),(,11900,
1734,,,,,,T7,N,1,(+),(,11900,
1735,,,,,,T7,N,1,(+),(,11900,
1736,,,,,,T7,N,1,(+),(,11900,
1737,,,,,,T7,N,1,(+),(,11900,
1738,,,,,,T7,N,1,(+),(,11900,
1739,,,,,,T7,N,1,(+),(,11900,
1740,,,,,,T7,N,1,(+),(,11900,
1741,,,,,,T7,N,1,(+),(,11900,
1742,,,,,,T7,N,1,(+),(,11900,
1743,,,,,,T7,N,1,(+),(,11900,
1744,,,,,,T7,N,1,(+),(,11900,
1745,,,,,,T7,N,1,(+),(,11900,
1746,,,,,,T7,N,1,(+),(,11900,
1747,,,,,,T7,N,1,(+),(,11900,
1748,,,,,,T7,N,1,(+),(,11900,
1749,,,,,,T7,N,1,(+),(,11900,
1750,,,,,,T7,N,1,(+),(,11900,
1751,,,,,,T7,N,1,(+),(,11900,
1752,,,,,,T7,N,1,(+),(,11900,
1753,,,,,,T7,N,1,(+),(,11900,
1754,,,,,,T7,N,1,(+),(,11900,
1755,,,,,,T7,N,1,(+),(,11900,
1756,,,,,,T7,N,1,(+),(,11900,
1757,,,,,,T7,N,1,(+),(,11900,
1758,,,,,,T7,N,1,(+),(,11900,
1759,,,,,,T7,N,1,(+),(,11900,
1760,,,,,,T7,N,1,(+),(,11900,
1761,,,,,,T7,N,1,(+),(,11900,
1762,,,,,,T7,N,1,(+),(,11900,
1763,,,,,,T7,N,1,(+),(,11900,
1764,,,,,,T7,N,1,(+),(,11900,
1765,,,,,,T7,N,1,(+),(,11900,
1766,,,,,,T7,N,1,(+),(,11900,
1767,,,,,,T7,N,1,(+),(,11900,
1768,,,,,,T7,N,1,(+),(,11900,
1769,,,,,,T7,N,1,(+),(,11900,
1770,,,,,,T7,N,1,(+),(,11900,
1771,,,,,,T7,N,1,(+),(,11900,
1772,,,,,,T7,N,1,(+),(,11900,
1773,,,,,,T7,N,1,(+),(,11900,
1774,,,,,,T7,N,1,(+),(,11900,
1775,,,,,,T7,N,1,(+),(,11900,
1776,,,,,,T7,N,1,(+),(,11900,
1777,,,,,,T7,N,1,(+),(,11900,
1778,,,,,,T7,N,1,(+),(,11900,
1779,,,,,,T7,N,1,(+),(,11900,
1780,,,,,,T7,N,1,(+),(,11900,
1781,,,,,,T7,N,1,(+),(,11900,
1782,,,,,,T7,N,1,(+),(,11900,
1783,,,,,,T7,N,1,(+),(,11900,
1784,,,,,,T7,N,1,(+),(,11900,
1785,,,,,,T7,N,1,(+),(,11900,
1786,,,,,,T7,N,1,(+),(,11900,
1787,,,,,,T7,N,1,(+),(,11900,
1788,,,,,,T7,N,1,(+),(,11900,
1789,,,,,,T7,N,1,(+),(,11900,
1790,,,,,,T7,N,1,(+),(,11900,
1791,,,,,,T7,N,1,(+),(,11900,
1792,,,,,,T7,N,1,(+),(,11900,
1793,,,,,,T7,N,1,(+),(,11900,
1794,,,,,,T7,N,1,(+),(,11900,
1795,,,,,,T7,N,1,(+),(,11900,
1796,,,,,,T7,N,1,(+),(,11900,
1797,,,,,,T7,N,1,(+),(,11900,
1798,,,,,,T7,N,1,(+),(,11900,
1799,,,,,,T7,N,1,(+),(,11900,
1800,,,,,,T7,N,1,(+),(,11900,
1801,,,,,,T7,N,1,(+),(,11900,
1802,,,,,,T7,N,1,(+),(,11900,
1803,,,,,,T7,N,1,(+),(,11900,
1804,,,,,,T7,N,1,(+),(,11900,
1805,,,,,,T7,N,1,(+),(,11900,
1806,,,,,,T7,N,1,(+),(,11900,
1807,,,,,,T7,N,1,(+),(,11900,
1808,,,,,,T7,N,1,(+),(,11900,
1809,,,,,,T7,N,1,(+),(,11900,
1810,,,,,,T7,N,1,(+),(,11900,
1811,,,,,,T7,N,1,(+),(,11900,
1812,,,,,,T7,N,1,(+),(,11900,
1813,,,,,,T7,N,1,(+),(,11900,
1814,,,,,,T7,N,1,(+),(,11900,
1815,,,,,,T7,N,1,(+),(,11900,
1816,,,,,,T7,N,1,(+),(,11900,
1817,,,,,,T7,N,1,(+),(,11900,
1818,,,,,,T7,N,1,(+),(,11900,
1819,,,,,,T7,N,1,(+),(,11900,
1820,,,,,,T7,N,1,(+),(,11900,
1821,,,,,,T7,N,1,(+),(,11900,
1822,,,,,,T7,N,1,(+),(,11900,
1823,,,,,,T7,N,1,(+),(,11900,
1824,,,,,,T7,N,1,(+),(,11900,
1825,,,,,,T7,N,1,(+),(,11900,
1826,,,,,,T7,N,1,(+),(,11900,
1827,,,,,,T7,N,1,(+),(,11900,
1828,,,,,,T7,N,1,(+),(,11900,
1829,,,,,,T7,N,1,(+),(,11900,
1830,,,,,,T7,N,1,(+),(,11900,
1831,,,,,,T7,N,1,(+),(,11900,
1832,,,,,,T7,N,1,(+),(,11900,
1833,,,,,,T7,N,1,(+),(,11900,
1834,,,,,,T7,N,1,(+),(,11900,
1835,,,,,,T7,N,1,(+),(,11900,
1836,,,,,,T7,N,1,(+),(,11900,
1837,,,,,,T7,N,1,(+),(,11900,
1838,,,,,,T7,N,1,(+),(,11900,
1839,,,,,,T7,N,1,(+),(,11900,
1840,,,,,,T7,N,1,(+),(,11900,
1841,,,,,,T7,N,1,(+),(,11900,
1842,,,,,,T7,N,1,(+),(,11900,
1843,,,,,,T7,N,1,(+),(,11900,
1844,,,,,,T7,N,1,(+),(,11900,
1845,,,,,,T7,N,1,(+),(,11900,
1846,,,,,,T7,N,1,(+),(,11900,
1847,,,,,,T7,N,1,(+),(,11900,
1848,,,,,,T7,N,1,(+),(,11900,
1849,,,,,,T7,N,1,(+),(,11900,
1850,,,,,,T7,N,1,(+),(,11900,
1851,,,,,,T7,N,1,(+),(,11900,
1852,,,,,,T7,N,1,(+),(,11900,
1853,,,,,,T7,N,1,(+),(,11900,
1854,,,,,,T7,N,1,(+),(,11900,
1855,,,,,,T7,N,1,(+),(,11900,
1856,,,,,,T7,N,1,(+),(,11900,
1857,,,,,,T7,N,1,(+),(,11900,
1858,,,,,,T7,N,1,(+),(,11900,
1859,,,,,,T7,N,1,(+),(,11900,
1860,,,,,,T7,N,1,(+),(,11900,
1861,,,,,,T7,N,1,(+),(,11900,
1862,,,,,,T7,N,1,(+),(,11900,
1863,,,,,,T7,N,1,(+),(,11900,
1864,,,,,,T7,N,1,(+),(,11900,
1865,,,,,,T7,N,1,(+),(,11900,
1866,,,,,,T7,N,1,(+),(,11900,
1867,,,,,,T7,N,1,(+),(,11900,
1868,,,,,,T7,N,1,(+),(,11900,
1869,,,,,,T7,N,1,(+),(,11900,
1870,,,,,,T7,N,1,(+),(,11900,
1871,,,,,,T7,N,1,(+),(,11900,
1872,,,,,,T7,N,1,(+),(,11900,
1873,,,,,,T7,N,1,(+),(,11900,
1874,,,,,,T7,N,1,(+),(,11900,
1875,,,,,,T7,N,1,(+),(,11900,
1876,,,,,,T7,N,1,(+),(,11900,
1877,,,,,,T7,N,1,(+),(,11900,
1878,,,,,,T7,N,1,(+),(,11900,
1879,,,,,,T7,N,1,(+),(,11900,
1880,,,,,,T7,N,1,(+),(,11900,
1881,,,,,,T7,N,1,(+),(,11900,
1882,,,,,,T7,N,1,(+),(,11900,
1883,,,,,,T7,N,1,(+),(,11900,
1884,,,,,,T7,N,1,(+),(,11900,
1885,,,,,,T7,N,1,(+),(,11900,
1886,,,,,,T7,N,1,(+),(,11900,
1887,,,,,,T7,N,1,(+),(,11900,
1888,,,,,,T7,N,1,(+),(,11900,
1889,,,,,,T7,N,1,(+),(,11900,
1890,,,,,,T7,N,1,(+),(,11900,
1891,,,,,,T7,N,1,(+),(,11900,
1892,,,,,,T7,N,1,(+),(,11900,
1893,,,,,,T7,N,1,(+),(,11900,
1894,,,,,,T7,N,1,(+),(,11900,
1895,,,,,,T7,N,1,(+),(,11900,
1896,,,,,,T7,N,1,(+),(,11900,
1897,,,,,,T7,N,1,(+),(,11900,
1898,,,,,,T7,N,1,(+),(,11900,
1899,,,,,,T7,N,1,(+),(,11900,
1900,,,,,,T7,N,1,(+),(,11900,
1901,,,,,,T7,N,1,(+),(,11900,
1902,,,,,,T7,N,1,(+),(,11900,
1903,,,,,,T7,N,1,(+),(,11900,
1904,,,,,,T7,N,1,(+),(,11900,
1905,,,,,,T7,N,1,(+),(,11900,
1906,,,,,,T7,N,1,(+),(,11900,
1907,,,,,,T7,N,1,(+),(,11900,
1908,,,,,,T7,N,1,(+),(,11900,
1909,,,,,,T7,N,1,(+),(,11900,
1910,,,,,,T7,N,1,(+),(,11900,
1911,,,,,,T7,N,1,(+),(,11900,
1912,,,,,,T7,N,1,(+),(,11900,
1913,,,,,,T7,N,1,(+),(,11900,
1914,,,,,,T7,N,1,(+),(,11900,
1915,,,,,,T7,N,1,(+),(,11900,
1916,,,,,,T7,N,1,(+),(,11900,
1917,,,,,,T7,N,1,(+),(,11900,
1918,,,,,,T7,N,1,(+),(,11900,
1919,,,,,,T7,N,1,(+),(,11900,
1920,,,,,,T7,N,1,(+),(,11900,
1921,,,,,,T7,N,1,(+),(,11900,
1922,,,,,,T7,N,1,(+),(,11900,
1923,,,,,,T7,N,1,(+),(,11900,
1924,,,,,,T7,N,1,(+),(,11900,
1925,,,,,,T7,N,1,(+),(,11900,
1926,,,,,,T7,N,1,(+),(,11900,
1927,,,,,,T7,N,1,(+),(,11900,
1928,,,,,,T7,N,1,(+),(,11900,
1929,,,,,,T7,N,1,(+),(,11900,
1930,,,,,,T7,N,1,(+),(,11900,
1931,,,,,,T7,N,1,(+),(,11900,
1932,,,,,,T7,N,1,(+),(,11900,
1933,,,,,,T7,N,1,(+),(,11900,
1934,,,,,,T7,N,1,(+),(,11900,
1935,,,,,,T7,N,1,(+),(,11900,
1936,,,,,,T7,N,1,(+),(,11900,
1937,,,,,,T7,N,1,(+),(,11900,
1938,,,,,,T7,N,1,(+),(,11900,
1939,,,,,,T7,N,1,(+),(,11900,
1940,,,,,,T7,N,1,(+),(,11900,
1941,,,,,,T7,N,1,(+),(,11900,
1942,,,,,,T7,N,1,(+),(,11900,
1943,,,,,,T7,N,1,(+),(,11900,
1944,,,,,,T7,N,1,(+),(,11900,
1945,,,,,,T7,N,1,(+),(,11900,
1946,,,,,,T7,N,1,(+),(,11900,
1947,,,,,,T7,N,1,(+),(,11900,
1948,,,,,,T7,N,1,(+),(,11900,
1949,,,,,,T7,N,1,(+),(,11900,
1950,,,,,,T7,N,1,(+),(,11900,
1951,,,,,,T7,N,1,(+),(,11900,
1952,,,,,,T7,N,1,(+),(,11900,
1953,,,,,,T7,N,1,(+),(,11900,
1954,,,,,,T7,N,1,(+),(,11900,
1955,,,,,,T7,N,1,(+),(,11900,
1956,,,,,,T7,N,1,(+),(,11900,
1957,,,,,,T7,N,1,(+),(,11900,
1958,,,,,,T7,N,1,(+),(,11900,
1959,,,,,,T7,N,1,(+),(,11900,
1960,,,,,,T7,N,1,(+),(,11900,
1961,,,,,,T7,N,1,(+),(,11900,
1962,,,,,,T7,N,1,(+),(,11900,
1963,,,,,,T7,N,1,(+),(,11900,
1964,,,,,,T7,N,1,(+),(,11900,
1965,,,,,,T7,N,1,(+),(,11900,
1966,,,,,,T7,N,1,(+),(,11900,
1967,,,,,,T7,N,1,(+),(,11900,
1968,,,,,,T7,N,1,(+),(,11900,
1969,,,,,,T7,N,1,(+),(,11900,
1970,,,,,,T7,N,1,(+),(,11900,
1971,,,,,,T7,N,1,(+),(,11900,
1972,,,,,,T7,N,1,(+),(,11900,
1973,,,,,,T7,N,1,(+),(,11900,
1974,,,,,,T7,N,1,(+),(,11900,
1975,,,,,,T7,N,1,(+),(,11900,
1976,,,,,,T7,N,1,(+),(,11900,
1977,,,,,,T7,N,1,(+),(,11900,
1978,,,,,,T7,N,1,(+),(,11900,
1979,,,,,,T7,N,1,(+),(,11900,
1980,,,,,,T7,N,1,(+),(,11900,
1981,,,,,,T7,N,1,(+),(,11900,
1982,,,,,,T7,N,1,(+),(,11900,
1983,,,,,,T7,N,1,(+),(,11900,
1984,,,,,,T7,N,1,(+),(,11900,
1985,,,,,,T7,N,1,(+),(,11900,
1986,,,,,,T7,N,1,(+),(,11900,
1987,,,,,,T7,N,1,(+),(,11900,
1988,,,,,,T7,N,1,(+),(,11900,
1989,,,,,,T7,N,1,(+),(,11900,
1990,,,,,,T7,N,1,(+),(,11900,
1991,,,,,,T7,N,1,(+),(,11900,
1992,,,,,,T7,N,1,(+),(,11900,
1993,,,,,,T7,N,1,(+),(,11900,
1994,,,,,,T7,N,1,(+),(,11900,
1995,,,,,,T7,N,1,(+),(,11900,
1996,,,,,,T7,N,1,(+),(,11900,
1997,,,,,,T7,N,1,(+),(,11900,
1998,,,,,,T7,N,1,(+),(,11900,
1999,,,,,,T7,N,1,(+),(,11900,
2000,,,,,,T7,N,1,(+),(,11900,
2001,,,,,,T7,N,1,(+),(,11900,
2002,,,,,,T7,N,1,(+),(,11900,
2003,,,,,,T7,N,1,(+),(,11900,
2004,,,,,,T7,N,1,(+),(,11900,
2005,,,,,,T7,N,1,(+),(,11900,
2006,,,,,,T7,N,1,(+),(,11900,
2007,,,,,,T7,N,1,(+),(,11900,
2008,,,,,,T7,N,1,(+),(,11900,
2009,,,,,,T7,N,1,(+),(,11900,
2010,,,,,,T7,N,1,(+),(,11900,
2011,,,,,,T7,N,1,(+),(,11900,
2012,,,,,,T7,N,1,(+),(,11900,
2013,,,,,,T7,N,1,(+),(,11900,
2014,,,,,,T7,N,1,(+),(,11900,
2015,,,,,,T7,N,1,(+),(,11900,
2016,,,,,,T7,N,1,(+),(,11900,
2017,,,,,,T7,N,1,(+),(,11900,
2018,,,,,,T7,N,1,(+),(,11900,
2019,,,,,,T7,N,1,(+),(,11900,
2020,,,,,,T7,N,1,(+),(,11900,
2021,,,,,,T7,N,1,(+),(,11900,
2022,,,,,,T7,N,1,(+),(,11900,
2023,,,,,,T7,N,1,(+),(,11900,
2024,,,,,,T7,N,1,(+),(,11900,
2025,,,,,,T7,N,1,(+),(,11900,
2026,,,,,,T7,N,1,(+),(,11900,
2027,,,,,,T7,N,1,(+),(,11900,
2028,,,,,,T7,N,1,(+),(,11900,
2029,,,,,,T7,N,1,(+),(,11900,
2030,,,,,,T7,N,1,(+),(,11900,
2031,,,,,,T7,N,1,(+),(,11900,
2032,,,,,,T7,N,1,(+),(,11900,
2033,,,,,,T7,N,1,(+),(,11900,
2034,,,,,,T7,N,1,(+),(,11900,
2035,,,,,,T7,N,1,(+),(,11900,
2036,,,,,,T7,N,1,(+),(,11900,
2037,,,,,,T7,N,1,(+),(,11900,
2038,,,,,,T7,N,1,(+),(,11900,
2039,,,,,,T7,N,1,(+),(,11900,
2040,,,,,,T7,N,1,(+),(,11900,
2041,,,,,,T7,N,1,(+),(,11900,
2042,,,,,,T7,N,1,(+),(,11900,
2043,,,,,,T7,N,1,(+),(,11900,
2044,,,,,,T7,N,1,(+),(,11900,
2045,,,,,,T7,N,1,(+),(,11900,
2046,,,,,,T7,N,1,(+),(,11900,
2047,,,,,,T7,N,1,(+),(,11900,
2048,,,,,,T7,N,1,(+),(,11900,
2049,,,,,,T7,N,1,(+),(,11900,
2050,,,,,,T7,N,1,(+),(,11900,
2051,,,,,,T7,N,1,(+),(,11900,
2052,,,,,,T7,N,1,(+),(,11900,
2053,,,,,,T7,N,1,(+),(,11900,
2054,,,,,,T7,N,1,(+),(,11900,
2055,,,,,,T7,N,1,(+),(,11900,
2056,,,,,,T7,N,1,(+),(,11900,
2057,,,,,,T7,N,1,(+),(,11900,
2058,,,,,,T7,N,1,(+),(,11900,
2059,,,,,,T7,N,1,(+),(,11900,
2060,,,,,,T7,N,1,(+),(,11900,
2061,,,,,,T7,N,1,(+),(,11900,
2062,,,,,,T7,N,1,(+),(,11900,
2063,,,,,,T7,N,1,(+),(,11900,
2064,,,,,,T7,N,1,(+),(,11900,
2065,,,,,,T7,N,1,(+),(,11900,
2066,,,,,,T7,N,1,(+),(,11900,
2067,,,,,,T7,N,1,(+),(,11900,
2068,,,,,,T7,N,1,(+),(,11900,
2069,,,,,,T7,N,1,(+),(,11900,
2070,,,,,,T7,N,1,(+),(,11900,
2071,,,,,,T7,N,1,(+),(,11900,
2072,,,,,,T7,N,1,(+),(,11900,
2073,,,,,,T7,N,1,(+),(,11900,
2074,,,,,,T7,N,1,(+),(,11900,
2075,,,,,,T7,N,1,(+),(,11900,
2076,,,,,,T7,N,1,(+),(,11900,
2077,,,,,,T7,N,1,(+),(,11900,
2078,,,,,,T7,N,1,(+),(,11900,
2079,,,,,,T7,N,1,(+),(,11900,
2080,,,,,,T7,N,1,(+),(,11900,
2081,,,,,,T7,N,1,(+),(,11900,
2082,,,,,,T7,N,1,(+),(,11900,
2083,,,,,,T7,N,1,(+),(,11900,
2084,,,,,,T7,N,1,(+),(,11900,
2085,,,,,,T7,N,1,(+),(,11900,
2086,,,,,,T7,N,1,(+),(,11900,
2087,,,,,,T7,N,1,(+),(,11900,
2088,,,,,,T7,N,1,(+),(,11900,
2089,,,,,,T7,N,1,(+),(,11900,
2090,,,,,,T7,N,1,(+),(,11900,
2091,,,,,,T7,N,1,(+),(,11900,
2092,,,,,,T7,N,1,(+),(,11900,
2093,,,,,,T7,N,1,(+),(,11900,
2094,,,,,,T7,N,1,(+),(,11900,
2095,,,,,,T7,N,1,(+),(,11900,
2096,,,,,,T7,N,1,(+),(,11900,
2097,,,,,,T7,N,1,(+),(,11900,
2098,,,,,,T7,N,1,(+),(,11900,
2099,,,,,,T7,N,1,(+),(,11900,
2100,,,,,,T7,N,1,(+),(,11900,
2101,,,,,,T7,N,1,(+),(,11900,
2102,,,,,,T7,N,1,(+),(,11900,
2103,,,,,,T7,N,1,(+),(,11900,
2104,,,,,,T7,N,1,(+),(,11900,
2105,,,,,,T7,N,1,(+),(,11900,
2106,,,,,,T7,N,1,(+),(,11900,
2107,,,,,,T7,N,1,(+),(,11900,
2108,,,,,,T7,N,1,(+),(,11900,
2109,,,,,,T7,N,1,(+),(,11900,
2110,,,,,,T7,N,1,(+),(,11900,
2111,,,,,,T7,N,1,(+),(,11900,
2112,,,,,,T7,N,1,(+),(,11900,
2113,,,,,,T7,N,1,(+),(,11900,
2114,,,,,,T7,N,1,(+),(,11900,
2115,,,,,,T7,N,1,(+),(,11900,
2116,,,,,,T7,N,1,(+),(,11900,
2117,,,,,,T7,N,1,(+),(,11900,
2118,,,,,,T7,N,1,(+),(,11900,
2119,,,,,,T7,N,1,(+),(,11900,
2120,,,,,,T7,N,1,(+),(,11900,
2121,,,,,,T7,N,1,(+),(,11900,
2122,,,,,,T7,N,1,(+),(,11900,
2123,,,,,,T7,N,1,(+),(,11900,
2124,,,,,,T7,N,1,(+),(,11900,
2125,,,,,,T7,N,1,(+),(,11900,
2126,,,,,,T7,N,1,(+),(,11900,
2127,,,,,,T7,N,1,(+),(,11900,
2128,,,,,,T7,N,1,(+),(,11900,
2129,,,,,,T7,N,1,(+),(,11900,
2130,,,,,,T7,N,1,(+),(,11900,
2131,,,,,,T7,N,1,(+),(,11900,
2132,,,,,,T7,N,1,(+),(,11900,
2133,,,,,,T7,N,1,(+),(,11900,
2134,,,,,,T7,N,1,(+),(,11900,
2135,,,,,,T7,N,1,(+),(,11900,
2136,,,,,,T7,N,1,(+),(,11900,
2137,,,,,,T7,N,1,(+),(,11900,
2138,,,,,,T7,N,1,(+),(,11900,
2139,,,,,,T7,N,1,(+),(,11900,
2140,,,,,,T7,N,1,(+),(,11900,
2141,,,,,,T7,N,1,(+),(,11900,
2142,,,,,,T7,N,1,(+),(,11900,
2143,,,,,,T7,N,1,(+),(,11900,
2144,,,,,,T7,N,1,(+),(,11900,
2145,,,,,,T7,N,1,(+),(,11900,
2146,,,,,,T7,N,1,(+),(,11900,
2147,,,,,,T7,N,1,(+),(,11900,
2148,,,,,,T7,N,1,(+),(,11900,
2149,,,,,,T7,N,1,(+),(,11900,
2150,,,,,,T7,N,1,(+),(,11900,
2151,,,,,,T7,N,1,(+),(,11900,
2152,,,,,,T7,N,1,(+),(,11900,
2153,,,,,,T7,N,1,(+),(,11900,
2154,,,,,,T7,N,1,(+),(,11900,
2155,,,,,,T7,N,1,(+),(,11900,
2156,,,,,,T7,N,1,(+),(,11900,
2157,,,,,,T7,N,1,(+),(,11900,
2158,,,,,,T7,N,1,(+),(,11900,
2159,,,,,,T7,N,1,(+),(,11900,
2160,,,,,,T7,N,1,(+),(,11900,
2161,,,,,,T7,N,1,(+),(,11900,
2162,,,,,,T7,N,1,(+),(,11900,
2163,,,,,,T7,N,1,(+),(,11900,
2164,,,,,,T7,N,1,(+),(,11900,
2165,,,,,,T7,N,1,(+),(,11900,
2166,,,,,,T7,N,1,(+),(,11900,
2167,,,,,,T7,N,1,(+),(,11900,
2168,,,,,,T7,N,1,(+),(,11900,
2169,,,,,,T7,N,1,(+),(,11900,
2170,,,,,,T7,N,1,(+),(,11900,
2171,,,,,,T7,N,1,(+),(,11900,
2172,,,,,,T7,N,1,(+),(,11900,
2173,,,,,,T7,N,1,(+),(,11900,
2174,,,,,,T7,N,1,(+),(,11900,
2175,,,,,,T7,N,1,(+),(,11900,
2176,,,,,,T7,N,1,(+),(,11900,
2177,,,,,,T7,N,1,(+),(,11900,
2178,,,,,,T7,N,1,(+),(,11900,
2179,,,,,,T7,N,1,(+),(,11900,
2180,,,,,,T7,N,1,(+),(,11900,
2181,,,,,,T7,N,1,(+),(,11900,
2182,,,,,,T7,N,1,(+),(,11900,
2183,,,,,,T7,N,1,(+),(,11900,
2184,,,,,,T7,N,1,(+),(,11900,
2185,,,,,,T7,N,1,(+),(,11900,
2186,,,,,,T7,N,1,(+),(,11900,
2187,,,,,,T7,N,1,(+),(,11900,
2188,,,,,,T7,N,1,(+),(,11900,
2189,,,,,,T7,N,1,(+),(,11900,
2190,,,,,,T7,N,1,(+),(,11900,
2191,,,,,,T7,N,1,(+),(,11900,
2192,,,,,,T7,N,1,(+),(,11900,
2193,,,,,,T7,N,1,(+),(,11900,
2194,,,,,,T7,N,1,(+),(,11900,
2195,,,,,,T7,N,1,(+),(,11900,
2196,,,,,,T7,N,1,(+),(,11900,
2197,,,,,,T7,N,1,(+),(,11900,
2198,,,,,,T7,N,1,(+),(,11900,
2199,,,,,,T7,N,1,(+),(,11900,
2200,,,,,,T7,N,1,(+),(,11900,
2201,,,,,,T7,N,1,(+),(,11900,
2202,,,,,,T7,N,1,(+),(,11900,
2203,,,,,,T7,N,1,(+),(,11900,
2204,,,,,,T7,N,1,(+),(,11900,
2205,,,,,,T7,N,1,(+),(,11900,
2206,,,,,,T7,N,1,(+),(,11900,
2207,,,,,,T7,N,1,(+),(,11900,
2208,,,,,,T7,N,1,(+),(,11900,
2209,,,,,,T7,N,1,(+),(,11900,
2210,,,,,,T7,N,1,(+),(,11900,
2211,,,,,,T7,N,1,(+),(,11900,
2212,,,,,,T7,N,1,(+),(,11900,
2213,,,,,,T7,N,1,(+),(,11900,
2214,,,,,,T7,N,1,(+),(,11900,
2215,,,,,,T7,N,1,(+),(,11900,
2216,,,,,,T7,N,1,(+),(,11900,
2217,,,,,,T7,N,1,(+),(,11900,
2218,,,,,,T7,N,1,(+),(,11900,
2219,,,,,,T7,N,1,(+),(,11900,
2220,,,,,,T7,N,1,(+),(,11900,
2221,,,,,,T7,N,1,(+),(,11900,
2222,,,,,,T7,N,1,(+),(,11900,
2223,,,,,,T7,N,1,(+),(,11900,
2224,,,,,,T7,N,1,(+),(,11900,
2225,,,,,,T7,N,1,(+),(,11900,
2226,,,,,,T7,N,1,(+),(,11900,
2227,,,,,,T7,N,1,(+),(,11900,
2228,,,,,,T7,N,1,(+),(,11900,
2229,,,,,,T7,N,1,(+),(,11900,
2230,,,,,,T7,N,1,(+),(,11900,
2231,,,,,,T7,N,1,(+),(,11900,
2232,,,,,,T7,N,1,(+),(,11900,
2233,,,,,,T7,N,1,(+),(,11900,
2234,,,,,,T7,N,1,(+),(,11900,
2235,,,,,,T7,N,1,(+),(,11900,
2236,,,,,,T7,N,1,(+),(,11900,
2237,,,,,,T7,N,1,(+),(,11900,
2238,,,,,,T7,N,1,(+),(,11900,
2239,,,,,,T7,N,1,(+),(,11900,
2240,,,,,,T7,N,1,(+),(,11900,
2241,,,,,,T7,N,1,(+),(,11900,
2242,,,,,,T7,N,1,(+),(,11900,
2243,,,,,,T7,N,1,(+),(,11900,
2244,,,,,,T7,N,1,(+),(,11900,
2245,,,,,,T7,N,1,(+),(,11900,
2246,,,,,,T7,N,1,(+),(,11900,
2247,,,,,,T7,N,1,(+),(,11900,
2248,,,,,,T7,N,1,(+),(,11900,
2249,,,,,,T7,N,1,(+),(,11900,
2250,,,,,,T7,N,1,(+),(,11900,
2251,,,,,,T7,N,1,(+),(,11900,
2252,,,,,,T7,N,1,(+),(,11900,
2253,,,,,,T7,N,1,(+),(,11900,
2254,,,,,,T7,N,1,(+),(,11900,
2255,,,,,,T7,N,1,(+),(,11900,
2256,,,,,,T7,N,1,(+),(,11900,
2257,,,,,,T7,N,1,(+),(,11900,
2258,,,,,,T7,N,1,(+),(,11900,
2259,,,,,,T7,N,1,(+),(,11900,
2260,,,,,,T7,N,1,(+),(,11900,
2261,,,,,,T7,N,1,(+),(,11900,
2262,,,,,,T7,N,1,(+),(,11900,
2263,,,,,,T7,N,1,(+),(,11900,
2264,,,,,,T7,N,1,(+),(,11900,
2265,,,,,,T7,N,1,(+),(,11900,
2266,,,,,,T7,N,1,(+),(,11900,
2267,,,,,,T7,N,1,(+),(,11900,
2268,,,,,,T7,N,1,(+),(,11900,
2269,,,,,,T7,N,1,(+),(,11900,
2270,,,,,,T7,N,1,(+),(,11900,
2271,,,,,,T7,N,1,(+),(,11900,
2272,,,,,,T7,N,1,(+),(,11900,
2273,,,,,,T7,N,1,(+),(,11900,
2274,,,,,,T7,N,1,(+),(,11900,
2275,,,,,,T7,N,1,(+),(,11900,
2276,,,,,,T7,N,1,(+),(,11900,
2277,,,,,,T7,N,1,(+),(,11900,
2278,,,,,,T7,N,1,(+),(,11900,
2279,,,,,,T7,N,1,(+),(,11900,
2280,,,,,,T7,N,1,(+),(,11900,
2281,,,,,,T7,N,1,(+),(,11900,
2282,,,,,,T7,N,1,(+),(,11900,
2283,,,,,,T7,N,1,(+),(,11900,
2284,,,,,,T7,N,1,(+),(,11900,
2285,,,,,,T7,N,1,(+),(,11900,
2286,,,,,,T7,N,1,(+),(,11900,
2287,,,,,,T7,N,1,(+),(,11900,
2288,,,,,,T7,N,1,(+),(,11900,
2289,,,,,,T7,N,1,(+),(,11900,
2290,,,,,,T7,N,1,(+),(,11900,
2291,,,,,,T7,N,1,(+),(,11900,
2292,,,,,,T7,N,1,(+),(,11900,
2293,,,,,,T7,N,1,(+),(,11900,
2294,,,,,,T7,N,1,(+),(,11900,
2295,,,,,,T7,N,1,(+),(,11900,
2296,,,,,,T7,N,1,(+),(,11900,
2297,,,,,,T7,N,1,(+),(,11900,
2298,,,,,,T7,N,1,(+),(,11900,
2299,,,,,,T7,N,1,(+),(,11900,
2300,,,,,,T7,N,1,(+),(,11900,
2301,,,,,,T7,N,1,(+),(,11900,
2302,,,,,,T7,N,1,(+),(,11900,
2303,,,,,,T7,N,1,(+),(,11900,
2304,,,,,,T7,N,1,(+),(,11900,
2305,,,,,,T7,N,1,(+),(,11900,
2306,,,,,,T7,N,1,(+),(,11900,
2307,,,,,,T7,N,1,(+),(,11900,
2308,,,,,,T7,N,1,(+),(,11900,
2309,,,,,,T7,N,1,(+),(,11900,
2310,,,,,,T7,N,1,(+),(,11900,
2311,,,,,,T7,N,1,(+),(,11900,
2312,,,,,,T7,N,1,(+),(,11900,
2313,,,,,,T7,N,1,(+),(,11900,
2314,,,,,,T7,N,1,(+),(,11900,
2315,,,,,,T7,N,1,(+),(,11900,
2316,,,,,,T7,N,1,(+),(,11900,
2317,,,,,,T7,N,1,(+),(,11900,
2318,,,,,,T7,N,1,(+),(,11900,
2319,,,,,,T7,N,1,(+),(,11900,
2320,,,,,,T7,N,1,(+),(,11900,
2321,,,,,,T7,N,1,(+),(,11900,
2322,,,,,,T7,N,1,(+),(,11900,
2323,,,,,,T7,N,1,(+),(,11900,
2324,,,,,,T7,N,1,(+),(,11900,
2325,,,,,,T7,N,1,(+),(,11900,
2326,,,,,,T7,N,1,(+),(,11900,
2327,,,,,,T7,N,1,(+),(,11900,
2328,,,,,,T7,N,1,(+),(,11900,
2329,,,,,,T7,N,1,(+),(,11900,
2330,,,,,,T7,N,1,(+),(,11900,
2331,,,,,,T7,N,1,(+),(,11900,
2332,,,,,,T7,N,1,(+),(,11900,
2333,,,,,,T7,N,1,(+),(,11900,
2334,,,,,,T7,N,1,(+),(,11900,
2335,,,,,,T7,N,1,(+),(,11900,
2336,,,,,,T7,N,1,(+),(,11900,
2337,,,,,,T7,N,1,(+),(,11900,
2338,,,,,,T7,N,1,(+),(,11900,
2339,,,,,,T7,N,1,(+),(,11900,
2340,,,,,,T7,N,1,(+),(,11900,
2341,,,,,,T7,N,1,(+),(,11900,
2342,,,,,,T7,N,1,(+),(,11900,
2343,,,,,,T7,N,1,(+),(,11900,
2344,,,,,,T7,N,1,(+),(,11900,
2345,,,,,,T7,N,1,(+),(,11900,
2346,,,,,,T7,N,1,(+),(,11900,
2347,,,,,,T7,N,1,(+),(,11900,
2348,,,,,,T7,N,1,(+),(,11900,
2349,,,,,,T7,N,1,(+),(,11900,
2350,,,,,,T7,N,1,(+),(,11900,
2351,,,,,,T7,N,1,(+),(,11900,
2352,,,,,,T7,N,1,(+),(,11900,
2353,,,,,,T7,N,1,(+),(,11900,
2354,,,,,,T7,N,1,(+),(,11900,
2355,,,,,,T7,N,1,(+),(,11900,
2356,,,,,,T7,N,1,(+),(,11900,
2357,,,,,,T7,N,1,(+),(,11900,
2358,,,,,,T7,N,1,(+),(,11900,
2359,,,,,,T7,N,1,(+),(,11900,
2360,,,,,,T7,N,1,(+),(,11900,
2361,,,,,,T7,N,1,(+),(,11900,
2362,,,,,,T7,N,1,(+),(,11900,
2363,,,,,,T7,N,1,(+),(,11900,
2364,,,,,,T7,N,1,(+),(,11900,
2365,,,,,,T7,N,1,(+),(,11900,
2366,,,,,,T7,N,1,(+),(,11900,
2367,,,,,,T7,N,1,(+),(,11900,
2368,,,,,,T7,N,1,(+),(,11900,
2369,,,,,,T7,N,1,(+),(,11900,
2370,,,,,,T7,N,1,(+),(,11900,
2371,,,,,,T7,N,1,(+),(,11900,
2372,,,,,,T7,N,1,(+),(,11900,
2373,,,,,,T7,N,1,(+),(,11900,
2374,,,,,,T7,N,1,(+),(,11900,
2375,,,,,,T7,N,1,(+),(,11900,
2376,,,,,,T7,N,1,(+),(,11900,
2377,,,,,,T7,N,1,(+),(,11900,
2378,,,,,,T7,N,1,(+),(,11900,
2379,,,,,,T7,N,1,(+),(,11900,
2380,,,,,,T7,N,1,(+),(,11900,
2381,,,,,,T7,N,1,(+),(,11900,
2382,,,,,,T7,N,1,(+),(,11900,
2383,,,,,,T7,N,1,(+),(,11900,
2384,,,,,,T7,N,1,(+),(,11900,
2385,,,,,,T7,N,1,(+),(,11900,
2386,,,,,,T7,N,1,(+),(,11900,
2387,,,,,,T7,N,1,(+),(,11900,
2388,,,,,,T7,N,1,(+),(,11900,
2389,,,,,,T7,N,1,(+),(,11900,
2390,,,,,,T7,N,1,(+),(,11900,
2391,,,,,,T7,N,1,(+),(,11900,
2392,,,,,,T7,N,1,(+),(,11900,
2393,,,,,,T7,N,1,(+),(,11900,
2394,,,,,,T7,N,1,(+),(,11900,
2395,,,,,,T7,N,1,(+),(,11900,
2396,,,,,,T7,N,1,(+),(,11900,
2397,,,,,,T7,N,1,(+),(,11900,
2398,,,,,,T7,N,1,(+),(,11900,
2399,,,,,,T7,N,1,(+),(,11900,
2400,,,,,,T7,N,1,(+),(,11900,
2401,,,,,,T7,N,1,(+),(,11900,
2402,,,,,,T7,N,1,(+),(,11900,
2403,,,,,,T7,N,1,(+),(,11900,
2404,,,,,,T7,N,1,(+),(,11900,
2405,,,,,,T7,N,1,(+),(,11900,
2406,,,,,,T7,N,1,(+),(,11900,
2407,,,,,,T7,N,1,(+),(,11900,
2408,,,,,,T7,N,1,(+),(,11900,
2409,,,,,,T7,N,1,(+),(,11900,
2410,,,,,,T7,N,1,(+),(,11900,
2411,,,,,,T7,N,1,(+),(,11900,
2412,,,,,,T7,N,1,(+),(,11900,
2413,,,,,,T7,N,1,(+),(,11900,
2414,,,,,,T7,N,1,(+),(,11900,
2415,,,,,,T7,N,1,(+),(,11900,
2416,,,,,,T7,N,1,(+),(,11900,
2417,,,,,,T7,N,1,(+),(,11900,
2418,,,,,,T7,N,1,(+),(,11900,
2419,,,,,,T7,N,1,(+),(,11900,
2420,,,,,,T7,N,1,(+),(,11900,
2421,,,,,,T7,N,1,(+),(,11900,
2422,,,,,,T7,N,1,(+),(,11900,
2423,,,,,,T7,N,1,(+),(,11900,
2424,,,,,,T7,N,1,(+),(,11900,
2425,,,,,,T7,N,1,(+),(,11900,
2426,,,,,,T7,N,1,(+),(,11900,
2427,,,,,,T7,N,1,(+),(,11900,
2428,,,,,,T7,N,1,(+),(,11900,
2429,,,,,,T7,N,1,(+),(,11900,
2430,,,,,,T7,N,1,(+),(,11900,
2431,,,,,,T7,N,1,(+),(,11900,
2432,,,,,,T7,N,1,(+),(,11900,
2433,,,,,,T7,N,1,(+),(,11900,
2434,,,,,,T7,N,1,(+),(,11900,
2435,,,,,,T7,N,1,(+),(,11900,
2436,,,,,,T7,N,1,(+),(,11900,
2437,,,,,,T7,N,1,(+),(,11900,
2438,,,,,,T7,N,1,(+),(,11900,
2439,,,,,,T7,N,1,(+),(,11900,
2440,,,,,,T7,N,1,(+),(,11900,
2441,,,,,,T7,N,1,(+),(,11900,
2442,,,,,,T7,N,1,(+),(,11900,
2443,,,,,,T7,N,1,(+),(,11900,
2444,,,,,,T7,N,1,(+),(,11900,
2445,,,,,,T7,N,1,(+),(,11900,
2446,,,,,,T7,N,1,(+),(,11900,
2447,,,,,,T7,N,1,(+),(,11900,
2448,,,,,,T7,N,1,(+),(,11900,
2449,,,,,,T7,N,1,(+),(,11900,
2450,,,,,,T7,N,1,(+),(,11900,
2451,,,,,,T7,N,1,(+),(,11900,
2452,,,,,,T7,N,1,(+),(,11900,
2453,,,,,,T7,N,1,(+),(,11900,
2454,,,,,,T7,N,1,(+),(,11900,
2455,,,,,,T7,N,1,(+),(,11900,
2456,,,,,,T7,N,1,(+),(,11900,
2457,,,,,,T7,N,1,(+),(,11900,
2458,,,,,,T7,N,1,(+),(,11900,
2459,,,,,,T7,N,1,(+),(,11900,
2460,,,,,,T7,N,1,(+),(,11900,
2461,,,,,,T7,N,1,(+),(,11900,
2462,,,,,,T7,N,1,(+),(,11900,
2463,,,,,,T7,N,1,(+),(,11900,
2464,,,,,,T7,N,1,(+),(,11900,
2465,,,,,,T7,N,1,(+),(,11900,
2466,,,,,,T7,N,1,(+),(,11900,
2467,,,,,,T7,N,1,(+),(,11900,
2468,,,,,,T7,N,1,(+),(,11900,
2469,,,,,,T7,N,1,(+),(,11900,
2470,,,,,,T7,N,1,(+),(,11900,
2471,,,,,,T7,N,1,(+),(,11900,
2472,,,,,,T7,N,1,(+),(,11900,
2473,,,,,,T7,N,1,(+),(,11900,
2474,,,,,,T7,N,1,(+),(,11900,
2475,,,,,,T7,N,1,(+),(,11900,
2476,,,,,,T7,N,1,(+),(,11900,
2477,,,,,,T7,N,1,(+),(,11900,
2478,,,,,,T7,N,1,(+),(,11900,
2479,,,,,,T7,N,1,(+),(,11900,
2480,,,,,,T7,N,1,(+),(,11900,
2481,,,,,,T7,N,1,(+),(,11900,
2482,,,,,,T7,N,1,(+),(,11900,
2483,,,,,,T7,N,1,(+),(,11900,
2484,,,,,,T7,N,1,(+),(,11900,
2485,,,,,,T7,N,1,(+),(,11900,
2486,,,,,,T7,N,1,(+),(,11900,
2487,,,,,,T7,N,1,(+),(,11900,
2488,,,,,,T7,N,1,(+),(,11900,
2489,,,,,,T7,N,1,(+),(,11900,
2490,,,,,,T7,N,1,(+),(,11900,
2491,,,,,,T7,N,1,(+),(,11900,
2492,,,,,,T7,N,1,(+),(,11900,
2493,,,,,,T7,N,1,(+),(,11900,
2494,,,,,,T7,N,1,(+),(,11900,
2495,,,,,,T7,N,1,(+),(,11900,
2496,,,,,,T7,N,1,(+),(,11900,
2497,,,,,,T7,N,1,(+),(,11900,
2498,,,,,,T7,N,1,(+),(,11900,
2499,,,,,,T7,N,1,(+),(,11900,
2500,,,,,,T7,N,1,(+),(,11900,
2501,,,,,,T7,N,1,(+),(,11900,
2502,,,,,,T7,N,1,(+),(,11900,
2503,,,,,,T7,N,1,(+),(,11900,
2504,,,,,,T7,N,1,(+),(,11900,
2505,,,,,,T7,N,1,(+),(,11900,
2506,,,,,,T7,N,1,(+),(,11900,
2507,,,,,,T7,N,1,(+),(,11900,
2508,,,,,,T7,N,1,(+),(,11900,
2509,,,,,,T7,N,1,(+),(,11900,
2510,,,,,,T7,N,1,(+),(,11900,
2511,,,,,,T7,N,1,(+),(,11900,
2512,,,,,,T7,N,1,(+),(,11900,
2513,,,,,,T7,N,1,(+),(,11900,
2514,,,,,,T7,N,1,(+),(,11900,
2515,,,,,,T7,N,1,(+),(,11900,
2516,,,,,,T7,N,1,(+),(,11900,
2517,,,,,,T7,N,1,(+),(,11900,
2518,,,,,,T7,N,1,(+),(,11900,
2519,,,,,,T7,N,1,(+),(,11900,
2520,,,,,,T7,N,1,(+),(,11900,
2521,,,,,,T7,N,1,(+),(,11900,
2522,,,,,,T7,N,1,(+),(,11900,
2523,,,,,,T7,N,1,(+),(,11900,
2524,,,,,,T7,N,1,(+),(,11900,
2525,,,,,,T7,N,1,(+),(,11900,
2526,,,,,,T7,N,1,(+),(,11900,
2527,,,,,,T7,N,1,(+),(,11900,
2528,,,,,,T7,N,1,(+),(,11900,
2529,,,,,,T7,N,1,(+),(,11900,
2530,,,,,,T7,N,1,(+),(,11900,
2531,,,,,,T7,N,1,(+),(,11900,
2532,,,,,,T7,N,1,(+),(,11900,
2533,,,,,,T7,N,1,(+),(,11900,
2534,,,,,,T7,N,1,(+),(,11900,
2535,,,,,,T7,N,1,(+),(,11900,
2536,,,,,,T7,N,1,(+),(,11900,
2537,,,,,,T7,N,1,(+),(,11900,
2538,,,,,,T7,N,1,(+),(,11900,
2539,,,,,,T7,N,1,(+),(,11900,
2540,,,,,,T7,N,1,(+),(,11900,
2541,,,,,,T7,N,1,(+),(,11900,
2542,,,,,,T7,N,1,(+),(,11900,
2543,,,,,,T7,N,1,(+),(,11900,
2544,,,,,,T7,N,1,(+),(,11900,
2545,,,,,,T7,N,1,(+),(,11900,
2546,,,,,,T7,N,1,(+),(,11900,
2547,,,,,,T7,N,1,(+),(,11900,
2548,,,,,,T7,N,1,(+),(,11900,
2549,,,,,,T7,N,1,(+),(,11900,
2550,,,,,,T7,N,1,(+),(,11900,
2551,,,,,,T7,N,1,(+),(,11900,
2552,,,,,,T7,N,1,(+),(,11900,
2553,,,,,,T7,N,1,(+),(,11900,
2554,,,,,,T7,N,1,(+),(,11900,
2555,,,,,,T7,N,1,(+),(,11900,
2556,,,,,,T7,N,1,(+),(,11900,
2557,,,,,,T7,N,1,(+),(,11900,
2558,,,,,,T7,N,1,(+),(,11900,
2559,,,,,,T7,N,1,(+),(,11900,
2560,,,,,,T7,N,1,(+),(,11900,
2561,,,,,,T7,N,1,(+),(,11900,
2562,,,,,,T7,N,1,(+),(,11900,
2563,,,,,,T7,N,1,(+),(,11900,
2564,,,,,,T7,N,1,(+),(,11900,
2565,,,,,,T7,N,1,(+),(,11900,
2566,,,,,,T7,N,1,(+),(,11900,
2567,,,,,,T7,N,1,(+),(,11900,
2568,,,,,,T7,N,1,(+),(,11900,
2569,,,,,,T7,N,1,(+),(,11900,
2570,,,,,,T7,N,1,(+),(,11900,
2571,,,,,,T7,N,1,(+),(,11900,
2572,,,,,,T7,N,1,(+),(,11900,
2573,,,,,,T7,N,1,(+),(,11900,
2574,,,,,,T7,N,1,(+),(,11900,
2575,,,,,,T7,N,1,(+),(,11900,
2576,,,,,,T7,N,1,(+),(,11900,
2577,,,,,,T7,N,1,(+),(,11900,
2578,,,,,,T7,N,1,(+),(,11900,
2579,,,,,,T7,N,1,(+),(,11900,
2580,,,,,,T7,N,1,(+),(,11900,
2581,,,,,,T7,N,1,(+),(,11900,
2582,,,,,,T7,N,1,(+),(,11900,
2583,,,,,,T7,N,1,(+),(,11900,
2584,,,,,,T7,N,1,(+),(,11900,
2585,,,,,,T7,N,1,(+),(,11900,
2586,,,,,,T7,N,1,(+),(,11900,
2587,,,,,,T7,N,1,(+),(,11900,
2588,,,,,,T7,N,1,(+),(,11900,
2589,,,,,,T7,N,1,(+),(,11900,
2590,,,,,,T7,N,1,(+),(,11900,
2591,,,,,,T7,N,1,(+),(,11900,
2592,,,,,,T7,N,1,(+),(,11900,
2593,,,,,,T7,N,1,(+),(,11900,
2594,,,,,,T7,N,1,(+),(,11900,
2595,,,,,,T7,N,1,(+),(,11900,
2596,,,,,,T7,N,1,(+),(,11900,
2597,,,,,,T7,N,1,(+),(,11900,
2598,,,,,,T7,N,1,(+),(,11900,
2599,,,,,,T7,N,1,(+),(,11900,
2600,,,,,,T7,N,1,(+),(,11900,
2601,,,,,,T7,N,1,(+),(,11900,
2602,,,,,,T7,N,1,(+),(,11900,
2603,,,,,,T7,N,1,(+),(,11900,
2604,,,,,,T7,N,1,(+),(,11900,
2605,,,,,,T7,N,1,(+),(,11900,
2606,,,,,,T7,N,1,(+),(,11900,
2607,,,,,,T7,N,1,(+),(,11900,
2608,,,,,,T7,N,1,(+),(,11900,
2609,,,,,,T7,N,1,(+),(,11900,
2610,,,,,,T7,N,1,(+),(,11900,
2611,,,,,,T7,N,1,(+),(,11900,
2612,,,,,,T7,N,1,(+),(,11900,
2613,,,,,,T7,N,1,(+),(,11900,
2614,,,,,,T7,N,1,(+),(,11900,
2615,,,,,,T7,N,1,(+),(,11900,
2616,,,,,,T7,N,1,(+),(,11900,
2617,,,,,,T7,N,1,(+),(,11900,
2618,,,,,,T7,N,1,(+),(,11900,
2619,,,,,,T7,N,1,(+),(,11900,
2620,,,,,,T7,N,1,(+),(,11900,
2621,,,,,,T7,N,1,(+),(,11900,
2622,,,,,,T7,N,1,(+),(,11900,
2623,,,,,,T7,N,1,(+),(,11900,
2624,,,,,,T7,N,1,(+),(,11900,
2625,,,,,,T7,N,1,(+),(,11900,
2626,,,,,,T7,N,1,(+),(,11900,
2627,,,,,,T7,N,1,(+),(,11900,
2628,,,,,,T7,N,1,(+),(,11900,
2629,,,,,,T7,N,1,(+),(,11900,
2630,,,,,,T7,N,1,(+),(,11900,
2631,,,,,,T7,N,1,(+),(,11900,
2632,,,,,,T7,N,1,(+),(,11900,
2633,,,,,,T7,N,1,(+),(,11900,
2634,,,,,,T7,N,1,(+),(,11900,
2635,,,,,,T7,N,1,(+),(,11900,
2636,,,,,,T7,N,1,(+),(,11900,
2637,,,,,,T7,N,1,(+),(,11900,
2638,,,,,,T7,N,1,(+),(,11900,
2639,,,,,,T7,N,1,(+),(,11900,
2640,,,,,,T7,N,1,(+),(,11900,
2641,,,,,,T7,N,1,(+),(,11900,
2642,,,,,,T7,N,1,(+),(,11900,
2643,,,,,,T7,N,1,(+),(,11900,
2644,,,,,,T7,N,1,(+),(,11900,
2645,,,,,,T7,N,1,(+),(,11900,
2646,,,,,,T7,N,1,(+),(,11900,
2647,,,,,,T7,N,1,(+),(,11900,
2648,,,,,,T7,N,1,(+),(,11900,
2649,,,,,,T7,N,1,(+),(,11900,
2650,,,,,,T7,N,1,(+),(,11900,
2651,,,,,,T7,N,1,(+),(,11900,
2652,,,,,,T7,N,1,(+),(,11900,
2653,,,,,,T7,N,1,(+),(,11900,
2654,,,,,,T7,N,1,(+),(,11900,
2655,,,,,,T7,N,1,(+),(,11900,
2656,,,,,,T7,N,1,(+),(,11900,
2657,,,,,,T7,N,1,(+),(,11900,
2658,,,,,,T7,N,1,(+),(,11900,
2659,,,,,,T7,N,1,(+),(,11900,
2660,,,,,,T7,N,1,(+),(,11900,
2661,,,,,,T7,N,1,(+),(,11900,
2662,,,,,,T7,N,1,(+),(,11900,
2663,,,,,,T7,N,1,(+),(,11900,
2664,,,,,,T7,N,1,(+),(,11900,
2665,,,,,,T7,N,1,(+),(,11900,
2666,,,,,,T7,N,1,(+),(,11900,
2667,,,,,,T7,N,1,(+),(,11900,
2668,,,,,,T7,N,1,(+),(,11900,
2669,,,,,,T7,N,1,(+),(,11900,
2670,,,,,,T7,N,1,(+),(,11900,
2671,,,,,,T7,N,1,(+),(,11900,
2672,,,,,,T7,N,1,(+),(,11900,
2673,,,,,,T7,N,1,(+),(,11900,
2674,,,,,,T7,N,1,(+),(,11900,
2675,,,,,,T7,N,1,(+),(,11900,
2676,,,,,,T7,N,1,(+),(,11900,
2677,,,,,,T7,N,1,(+),(,11900,
2678,,,,,,T7,N,1,(+),(,11900,
2679,,,,,,T7,N,1,(+),(,11900,
2680,,,,,,T7,N,1,(+),(,11900,
2681,,,,,,T7,N,1,(+),(,11900,
2682,,,,,,T7,N,1,(+),(,11900,
2683,,,,,,T7,N,1,(+),(,11900,
2684,,,,,,T7,N,1,(+),(,11900,
2685,,,,,,T7,N,1,(+),(,11900,
2686,,,,,,T7,N,1,(+),(,11900,
2687,,,,,,T7,N,1,(+),(,11900,
2688,,,,,,T7,N,1,(+),(,11900,
2689,,,,,,T7,N,1,(+),(,11900,
2690,,,,,,T7,N,1,(+),(,11900,
2691,,,,,,T7,N,1,(+),(,11900,
2692,,,,,,T7,N,1,(+),(,11900,
2693,,,,,,T7,N,1,(+),(,11900,
2694,,,,,,T7,N,1,(+),(,11900,
2695,,,,,,T7,N,1,(+),(,11900,
2696,,,,,,T7,N,1,(+),(,11900,
2697,,,,,,T7,N,1,(+),(,11900,
2698,,,,,,T7,N,1,(+),(,11900,
2699,,,,,,T7,N,1,(+),(,11900,
2700,,,,,,T7,N,1,(+),(,11900,
2701,,,,,,T7,N,1,(+),(,11900,
2702,,,,,,T7,N,1,(+),(,11900,
2703,,,,,,T7,N,1,(+),(,11900,
2704,,,,,,T7,N,1,(+),(,11900,
2705,,,,,,T7,N,1,(+),(,11900,
2706,,,,,,T7,N,1,(+),(,11900,
2707,,,,,,T7,N,1,(+),(,11900,
2708,,,,,,T7,N,1,(+),(,11900,
2709,,,,,,T7,N,1,(+),(,11900,
2710,,,,,,T7,N,1,(+),(,11900,
2711,,,,,,T7,N,1,(+),(,11900,
2712,,,,,,T7,N,1,(+),(,11900,
2713,,,,,,T7,N,1,(+),(,11900,
2714,,,,,,T7,N,1,(+),(,11900,
2715,,,,,,T7,N,1,(+),(,11900,
2716,,,,,,T7,N,1,(+),(,11900,
2717,,,,,,T7,N,1,(+),(,11900,
2718,,,,,,T7,N,1,(+),(,11900,
2719,,,,,,T7,N,1,(+),(,11900,
2720,,,,,,T7,N,1,(+),(,11900,
2721,,,,,,T7,N,1,(+),(,11900,
2722,,,,,,T7,N,1,(+),(,11900,
2723,,,,,,T7,N,1,(+),(,11900,
2724,,,,,,T7,N,1,(+),(,11900,
2725,,,,,,T7,N,1,(+),(,11900,
2726,,,,,,T7,N,1,(+),(,11900,
2727,,,,,,T7,N,1,(+),(,11900,
2728,,,,,,T7,N,1,(+),(,11900,
2729,,,,,,T7,N,1,(+),(,11900,
2730,,,,,,T7,N,1,(+),(,11900,
2731,,,,,,T7,N,1,(+),(,11900,
2732,,,,,,T7,N,1,(+),(,11900,
2733,,,,,,T7,N,1,(+),(,11900,
2734,,,,,,T7,N,1,(+),(,11900,
2735,,,,,,T7,N,1,(+),(,11900,
2736,,,,,,T7,N,1,(+),(,11900,
2737,,,,,,T7,N,1,(+),(,11900,
2738,,,,,,T7,N,1,(+),(,11900,
2739,,,,,,T7,N,1,(+),(,11900,
2740,,,,,,T7,N,1,(+),(,11900,
2741,,,,,,T7,N,1,(+),(,11900,
2742,,,,,,T7,N,1,(+),(,11900,
2743,,,,,,T7,N,1,(+),(,11900,
2744,,,,,,T7,N,1,(+),(,11900,
2745,,,,,,T7,N,1,(+),(,11900,
2746,,,,,,T7,N,1,(+),(,11900,
2747,,,,,,T7,N,1,(+),(,11900,
2748,,,,,,T7,N,1,(+),(,11900,
2749,,,,,,T7,N,1,(+),(,11900,
2750,,,,,,T7,N,1,(+),(,11900,
2751,,,,,,T7,N,1,(+),(,11900,
2752,,,,,,T7,N,1,(+),(,11900,
2753,,,,,,T7,N,1,(+),(,11900,
2754,,,,,,T7,N,1,(+),(,11900,
2755,,,,,,T7,N,1,(+),(,11900,
2756,,,,,,T7,N,1,(+),(,11900,
2757,,,,,,T7,N,1,(+),(,11900,
2758,,,,,,T7,N,1,(+),(,11900,
2759,,,,,,T7,N,1,(+),(,11900,
2760,,,,,,T7,N,1,(+),(,11900,
2761,,,,,,T7,N,1,(+),(,11900,
2762,,,,,,T7,N,1,(+),(,11900,
2763,,,,,,T7,N,1,(+),(,11900,
2764,,,,,,T7,N,1,(+),(,11900,
2765,,,,,,T7,N,1,(+),(,11900,
2766,,,,,,T7,N,1,(+),(,11900,
2767,,,,,,T7,N,1,(+),(,11900,
2768,,,,,,T7,N,1,(+),(,11900,
2769,,,,,,T7,N,1,(+),(,11900,
2770,,,,,,T7,N,1,(+),(,11900,
2771,,,,,,T7,N,1,(+),(,11900,
2772,,,,,,T7,N,1,(+),(,11900,
2773,,,,,,T7,N,1,(+),(,11900,
2774,,,,,,T7,N,1,(+),(,11900,
2775,,,,,,T7,N,1,(+),(,11900,
2776,,,,,,T7,N,1,(+),(,11900,
2777,,,,,,T7,N,1,(+),(,11900,
2778,,,,,,T7,N,1,(+),(,11900,
2779,,,,,,T7,N,1,(+),(,11900,
2780,,,,,,T7,N,1,(+),(,11900,
2781,,,,,,T7,N,1,(+),(,11900,
2782,,,,,,T7,N,1,(+),(,11900,
2783,,,,,,T7,N,1,(+),(,11900,
2784,,,,,,T7,N,1,(+),(,11900,
2785,,,,,,T7,N,1,(+),(,11900,
2786,,,,,,T7,N,1,(+),(,11900,
2787,,,,,,T7,N,1,(+),(,11900,
2788,,,,,,T7,N,1,(+),(,11900,
2789,,,,,,T7,N,1,(+),(,11900,
2790,,,,,,T7,N,1,(+),(,11900,
2791,,,,,,T7,N,1,(+),(,11900,
2792,,,,,,T7,N,1,(+),(,11900,
2793,,,,,,T7,N,1,(+),(,11900,
2794,,,,,,T7,N,1,(+),(,11900,
2795,,,,,,T7,N,1,(+),(,11900,
2796,,,,,,T7,N,1,(+),(,11900,
2797,,,,,,T7,N,1,(+),(,11900,
2798,,,,,,T7,N,1,(+),(,11900,
2799,,,,,,T7,N,1,(+),(,11900,
2800,,,,,,T7,N,1,(+),(,11900,
2801,,,,,,T7,N,1,(+),(,11900,
2802,,,,,,T7,N,1,(+),(,11900,
2803,,,,,,T7,N,1,(+),(,11900,
2804,,,,,,T7,N,1,(+),(,11900,
2805,,,,,,T7,N,1,(+),(,11900,
2806,,,,,,T7,N,1,(+),(,11900,
2807,,,,,,T7,N,1,(+),(,11900,
2808,,,,,,T7,N,1,(+),(,11900,
2809,,,,,,T7,N,1,(+),(,11900,
2810,,,,,,T7,N,1,(+),(,11900,
2811,,,,,,T7,N,1,(+),(,11900,
2812,,,,,,T7,N,1,(+),(,11900,
2813,,,,,,T7,N,1,(+),(,11900,
2814,,,,,,T7,N,1,(+),(,11900,
2815,,,,,,T7,N,1,(+),(,11900,
2816,,,,,,T7,N,1,(+),(,11900,
2817,,,,,,T7,N,1,(+),(,11900,
2818,,,,,,T7,N,1,(+),(,11900,
2819,,,,,,T7,N,1,(+),(,11900,
2820,,,,,,T7,N,1,(+),(,11900,
2821,,,,,,T7,N,1,(+),(,11900,
2822,,,,,,T7,N,1,(+),(,11900,
2823,,,,,,T7,N,1,(+),(,11900,
2824,,,,,,T7,N,1,(+),(,11900,
2825,,,,,,T7,N,1,(+),(,11900,
2826,,,,,,T7,N,1,(+),(,11900,
2827,,,,,,T7,N,1,(+),(,11900,
2828,,,,,,T7,N,1,(+),(,11900,
2829,,,,,,T7,N,1,(+),(,11900,
2830,,,,,,T7,N,1,(+),(,11900,
2831,,,,,,T7,N,1,(+),(,11900,
2832,,,,,,T7,N,1,(+),(,11900,
2833,,,,,,T7,N,1,(+),(,11900,
2834,,,,,,T7,N,1,(+),(,11900,
2835,,,,,,T7,N,1,(+),(,11900,
2836,,,,,,T7,N,1,(+),(,11900,
2837,,,,,,T7,N,1,(+),(,11900,
2838,,,,,,T7,N,1,(+),(,11900,
2839,,,,,,T7,N,1,(+),(,11900,
2840,,,,,,T7,N,1,(+),(,11900,
2841,,,,,,T7,N,1,(+),(,11900,
2842,,,,,,T7,N,1,(+),(,11900,
2843,,,,,,T7,N,1,(+),(,11900,
2844,,,,,,T7,N,1,(+),(,11900,
2845,,,,,,T7,N,1,(+),(,11900,
2846,,,,,,T7,N,1,(+),(,11900,
2847,,,,,,T7,N,1,(+),(,11900,
2848,,,,,,T7,N,1,(+),(,11900,
2849,,,,,,T7,N,1,(+),(,11900,
2850,,,,,,T7,N,1,(+),(,11900,
2851,,,,,,T7,N,1,(+),(,11900,
2852,,,,,,T7,N,1,(+),(,11900,
2853,,,,,,T7,N,1,(+),(,11900,
2854,,,,,,T7,N,1,(+),(,11900,
2855,,,,,,T7,N,1,(+),(,11900,
2856,,,,,,T7,N,1,(+),(,11900,
2857,,,,,,T7,N,1,(+),(,11900,
2858,,,,,,T7,N,1,(+),(,11900,
2859,,,,,,T7,N,1,(+),(,11900,
2860,,,,,,T7,N,1,(+),(,11900,
2861,,,,,,T7,N,1,(+),(,11900,
2862,,,,,,T7,N,1,(+),(,11900,
2863,,,,,,T7,N,1,(+),(,11900,
2864,,,,,,T7,N,1,(+),(,11900,
2865,,,,,,T7,N,1,(+),(,11900,
2866,,,,,,T7,N,1,(+),(,11900,
2867,,,,,,T7,N,1,(+),(,11900,
2868,,,,,,T7,N,1,(+),(,11900,
2869,,,,,,T7,N,1,(+),(,11900,
2870,,,,,,T7,N,1,(+),(,11900,
2871,,,,,,T7,N,1,(+),(,11900,
2872,,,,,,T7,N,1,(+),(,11900,
2873,,,,,,T7,N,1,(+),(,11900,
2874,,,,,,T7,N,1,(+),(,11900,
2875,,,,,,T7,N,1,(+),(,11900,
2876,,,,,,T7,N,1,(+),(,11900,
2877,,,,,,T7,N,1,(+),(,11900,
2878,,,,,,T7,N,1,(+),(,11900,
2879,,,,,,T7,N,1,(+),(,11900,
2880,,,,,,T7,N,1,(+),(,11900,
2881,,,,,,T7,N,1,(+),(,11900,
2882,,,,,,T7,N,1,(+),(,11900,
2883,,,,,,T7,N,1,(+),(,11900,
2884,,,,,,T7,N,1,(+),(,11900,
2885,,,,,,T7,N,1,(+),(,11900,
2886,,,,,,T7,N,1,(+),(,11900,
2887,,,,,,T7,N,1,(+),(,11900,
2888,,,,,,T7,N,1,(+),(,11900,
2889,,,,,,T7,N,1,(+),(,11900,
2890,,,,,,T7,N,1,(+),(,11900,
2891,,,,,,T7,N,1,(+),(,11900,
2892,,,,,,T7,N,1,(+),(,11900,
2893,,,,,,T7,N,1,(+),(,11900,
2894,,,,,,T7,N,1,(+),(,11900,
2895,,,,,,T7,N,1,(+),(,11900,
2896,,,,,,T7,N,1,(+),(,11900,
2897,,,,,,T7,N,1,(+),(,11900,
2898,,,,,,T7,N,1,(+),(,11900,
2899,,,,,,T7,N,1,(+),(,11900,
2900,,,,,,T7,N,1,(+),(,11900,
2901,,,,,,T7,N,1,(+),(,11900,
2902,,,,,,T7,N,1,(+),(,11900,
2903,,,,,,T7,N,1,(+),(,11900,
2904,,,,,,T7,N,1,(+),(,11900,
2905,,,,,,T7,N,1,(+),(,11900,
2906,,,,,,T7,N,1,(+),(,11900,
2907,,,,,,T7,N,1,(+),(,11900,
2908,,,,,,T7,N,1,(+),(,11900,
2909,,,,,,T7,N,1,(+),(,11900,
2910,,,,,,T7,N,1,(+),(,11900,
2911,,,,,,T7,N,1,(+),(,11900,
2912,,,,,,T7,N,1,(+),(,11900,
2913,,,,,,T7,N,1,(+),(,11900,
2914,,,,,,T7,N,1,(+),(,11900,
2915,,,,,,T7,N,1,(+),(,11900,
2916,,,,,,T7,N,1,(+),(,11900,
2917,,,,,,T7,N,1,(+),(,11900,
2918,,,,,,T7,N,1,(+),(,11900,
2919,,,,,,T7,N,1,(+),(,11900,
2920,,,,,,T7,N,1,(+),(,11900,
2921,,,,,,T7,N,1,(+),(,11900,
2922,,,,,,T7,N,1,(+),(,11900,
2923,,,,,,T7,N,1,(+),(,11900,
2924,,,,,,T7,N,1,(+),(,11900,
2925,,,,,,T7,N,1,(+),(,11900,
2926,,,,,,T7,N,1,(+),(,11900,
2927,,,,,,T7,N,1,(+),(,11900,
2928,,,,,,T7,N,1,(+),(,11900,
2929,,,,,,T7,N,1,(+),(,11900,
2930,,,,,,T7,N,1,(+),(,11900,
2931,,,,,,T7,N,1,(+),(,11900,
2932,,,,,,T7,N,1,(+),(,11900,
2933,,,,,,T7,N,1,(+),(,11900,
2934,,,,,,T7,N,1,(+),(,11900,
2935,,,,,,T7,N,1,(+),(,11900,
2936,,,,,,T7,N,1,(+),(,11900,
2937,,,,,,T7,N,1,(+),(,11900,
2938,,,,,,T7,N,1,(+),(,11900,
2939,,,,,,T7,N,1,(+),(,11900,
2940,,,,,,T7,N,1,(+),(,11900,
2941,,,,,,T7,N,1,(+),(,11900,
2942,,,,,,T7,N,1,(+),(,11900,
2943,,,,,,T7,N,1,(+),(,11900,
2944,,,,,,T7,N,1,(+),(,11900,
2945,,,,,,T7,N,1,(+),(,11900,
2946,,,,,,T7,N,1,(+),(,11900,
2947,,,,,,T7,N,1,(+),(,11900,
2948,,,,,,T7,N,1,(+),(,11900,
2949,,,,,,T7,N,1,(+),(,11900,
2950,,,,,,T7,N,1,(+),(,11900,
2951,,,,,,T7,N,1,(+),(,11900,
2952,,,,,,T7,N,1,(+),(,11900,
2953,,,,,,T7,N,1,(+),(,11900,
2954,,,,,,T7,N,1,(+),(,11900,
2955,,,,,,T7,N,1,(+),(,11900,
2956,,,,,,T7,N,1,(+),(,11900,
2957,,,,,,T7,N,1,(+),(,11900,
2958,,,,,,T7,N,1,(+),(,11900,
2959,,,,,,T7,N,1,(+),(,11900,
2960,,,,,,T7,N,1,(+),(,11900,
2961,,,,,,T7,N,1,(+),(,11900,
2962,,,,,,T7,N,1,(+),(,11900,
2963,,,,,,T7,N,1,(+),(,11900,
2964,,,,,,T7,N,1,(+),(,11900,
2965,,,,,,T7,N,1,(+),(,11900,
2966,,,,,,T7,N,1,(+),(,11900,
2967,,,,,,T7,N,1,(+),(,11900,
2968,,,,,,T7,N,1,(+),(,11900,
2969,,,,,,T7,N,1,(+),(,11900,
2970,,,,,,T7,N,1,(+),(,11900,
2971,,,,,,T7,N,1,(+),(,11900,
2972,,,,,,T7,N,1,(+),(,11900,
2973,,,,,,T7,N,1,(+),(,11900,
2974,,,,,,T7,N,1,(+),(,11900,
2975,,,,,,T7,N,1,(+),(,11900,
2976,,,,,,T7,N,1,(+),(,11900,
2977,,,,,,T7,N,1,(+),(,11900,
2978,,,,,,T7,N,1,(+),(,11900,
2979,,,,,,T7,N,1,(+),(,11900,
2980,,,,,,T7,N,1,(+),(,11900,
2981,,,,,,T7,N,1,(+),(,11900,
2982,,,,,,T7,N,1,(+),(,11900,
2983,,,,,,T7,N,1,(+),(,11900,
2984,,,,,,T7,N,1,(+),(,11900,
2985,,,,,,T7,N,1,(+),(,11900,
2986,,,,,,T7,N,1,(+),(,11900,
2987,,,,,,T7,N,1,(+),(,11900,
2988,,,,,,T7,N,1,(+),(,11900,
2989,,,,,,T7,N,1,(+),(,11900,
2990,,,,,,T7,N,1,(+),(,11900,
2991,,,,,,T7,N,1,(+),(,11900,
2992,,,,,,T7,N,1,(+),(,11900,
2993,,,,,,T7,N,1,(+),(,11900,
2994,,,,,,T7,N,1,(+),(,11900,
2995,,,,,,T7,N,1,(+),(,11900,
2996,,,,,,T7,N,1,(+),(,11900,
2997,,,,,,T7,N,1,(+),(,11900,
2998,,,,,,T7,N,1,(+),(,11900,
2999,,,,,,T7,N,1,(+),(,11900,
3000,,,,,,T7,N,1,(+),(,11900,
3001,,,,,,T7,N,1,(+),(,11900,
3002,,,,,,T7,N,1,(+),(,11900,
3003,,,,,,T7,N,1,(+),(,11900,
3004,,,,,,T7,N,1,(+),(,11900,
3005,,,,,,T7,N,1,(+),(,11900,
3006,,,,,,T7,N,1,(+),(,11900,
3007,,,,,,T7,N,1,(+),(,11900,
3008,,,,,,T7,N,1,(+),(,11900,
3009,,,,,,T7,N,1,(+),(,11900,
3010,,,,,,T7,N,1,(+),(,11900,
3011,,,,,,T7,N,1,(+),(,11900,
3012,,,,,,T7,N,1,(+),(,11900,
3013,,,,,,T7,N,1,(+),(,11900,
3014,,,,,,T7,N,1,(+),(,11900,
3015,,,,,,T7,N,1,(+),(,11900,
3016,,,,,,T7,N,1,(+),(,11900,
3017,,,,,,T7,N,1,(+),(,11900,
3018,,,,,,T7,N,1,(+),(,11900,
3019,,,,,,T7,N,1,(+),(,11900,
3020,,,,,,T7,N,1,(+),(,11900,
3021,,,,,,T7,N,1,(+),(,11900,
3022,,,,,,T7,N,1,(+),(,11900,
3023,,,,,,T7,N,1,(+),(,11900,
3024,,,,,,T7,N,1,(+),(,11900,
3025,,,,,,T7,N,1,(+),(,11900,
3026,,,,,,T7,N,1,(+),(,11900,
3027,,,,,,T7,N,1,(+),(,11900,
3028,,,,,,T7,N,1,(+),(,11900,
3029,,,,,,T7,N,1,(+),(,11900,
3030,,,,,,T7,N,1,(+),(,11900,
3031,,,,,,T7,N,1,(+),(,11900,
3032,,,,,,T7,N,1,(+),(,11900,
3033,,,,,,T7,N,1,(+),(,11900,
3034,,,,,,T7,N,1,(+),(,11900,
3035,,,,,,T7,N,1,(+),(,11900,
3036,,,,,,T7,N,1,(+),(,11900,
3037,,,,,,T7,N,1,(+),(,11900,
3038,,,,,,T7,N,1,(+),(,11900,
3039,,,,,,T7,N,1,(+),(,11900,
3040,,,,,,T7,N,1,(+),(,11900,
3041,,,,,,T7,N,1,(+),(,11900,
3042,,,,,,T7,N,1,(+),(,11900,
3043,,,,,,T7,N,1,(+),(,11900,
3044,,,,,,T7,N,1,(+),(,11900,
3045,,,,,,T7,N,1,(+),(,11900,
3046,,,,,,T7,N,1,(+),(,11900,
3047,,,,,,T7,N,1,(+),(,11900,
3048,,,,,,T7,N,1,(+),(,11900,
3049,,,,,,T7,N,1,(+),(,11900,
3050,,,,,,T7,N,1,(+),(,11900,
3051,,,,,,T7,N,1,(+),(,11900,
3052,,,,,,T7,N,1,(+),(,11900,
3053,,,,,,T7,N,1,(+),(,11900,
3054,,,,,,T7,N,1,(+),(,11900,
3055,,,,,,T7,N,1,(+),(,11900,
3056,,,,,,T7,N,1,(+),(,11900,
3057,,,,,,T7,N,1,(+),(,11900,
3058,,,,,,T7,N,1,(+),(,11900,
3059,,,,,,T7,N,1,(+),(,11900,
3060,,,,,,T7,N,1,(+),(,11900,
3061,,,,,,T7,N,1,(+),(,11900,
3062,,,,,,T7,N,1,(+),(,11900,
3063,,,,,,T7,N,1,(+),(,11900,
3064,,,,,,T7,N,1,(+),(,11900,
3065,,,,,,T7,N,1,(+),(,11900,
3066,,,,,,T7,N,1,(+),(,11900,
3067,,,,,,T7,N,1,(+),(,11900,
3068,,,,,,T7,N,1,(+),(,11900,
3069,,,,,,T7,N,1,(+),(,11900,
3070,,,,,,T7,N,1,(+),(,11900,
3071,,,,,,T7,N,1,(+),(,11900,
3072,,,,,,T7,N,1,(+),(,11900,
3073,,,,,,T7,N,1,(+),(,11900,
3074,,,,,,T7,N,1,(+),(,11900,
3075,,,,,,T7,N,1,(+),(,11900,
3076,,,,,,T7,N,1,(+),(,11900,
3077,,,,,,T7,N,1,(+),(,11900,
3078,,,,,,T7,N,1,(+),(,11900,
3079,,,,,,T7,N,1,(+),(,11900,
3080,,,,,,T7,N,1,(+),(,11900,
3081,,,,,,T7,N,1,(+),(,11900,
3082,,,,,,T7,N,1,(+),(,11900,
3083,,,,,,T7,N,1,(+),(,11900,
3084,,,,,,T7,N,1,(+),(,11900,
3085,,,,,,T7,N,1,(+),(,11900,
3086,,,,,,T7,N,1,(+),(,11900,
3087,,,,,,T7,N,1,(+),(,11900,
3088,,,,,,T7,N,1,(+),(,11900,
3089,,,,,,T7,N,1,(+),(,11900,
3090,,,,,,T7,N,1,(+),(,11900,
3091,,,,,,T7,N,1,(+),(,11900,
3092,,,,,,T7,N,1,(+),(,11900,
3093,,,,,,T7,N,1,(+),(,11900,
3094,,,,,,T7,N,1,(+),(,11900,
3095,,,,,,T7,N,1,(+),(,11900,
3096,,,,,,T7,N,1,(+),(,11900,
3097,,,,,,T7,N,1,(+),(,11900,
3098,,,,,,T7,N,1,(+),(,11900,
3099,,,,,,T7,N,1,(+),(,11900,
3100,,,,,,T7,N,1,(+),(,11900,
3101,,,,,,T7,N,1,(+),(,11900,
3102,,,,,,T7,N,1,(+),(,11900,
3103,,,,,,T7,N,1,(+),(,11900,
3104,,,,,,T7,N,1,(+),(,11900,
3105,,,,,,T7,N,1,(+),(,11900,
3106,,,,,,T7,N,1,(+),(,11900,
3107,,,,,,T7,N,1,(+),(,11900,
3108,,,,,,T7,N,1,(+),(,11900,
3109,,,,,,T7,N,1,(+),(,11900,
3110,,,,,,T7,N,1,(+),(,11900,
3111,,,,,,T7,N,1,(+),(,11900,
3112,,,,,,T7,N,1,(+),(,11900,
3113,,,,,,T7,N,1,(+),(,11900,
3114,,,,,,T7,N,1,(+),(,11900,
3115,,,,,,T7,N,1,(+),(,11900,
3116,,,,,,T7,N,1,(+),(,11900,
3117,,,,,,T7,N,1,(+),(,11900,
3118,,,,,,T7,N,1,(+),(,11900,
3119,,,,,,T7,N,1,(+),(,11900,
3120,,,,,,T7,N,1,(+),(,11900,
3121,,,,,,T7,N,1,(+),(,11900,
3122,,,,,,T7,N,1,(+),(,11900,
3123,,,,,,T7,N,1,(+),(,11900,
3124,,,,,,T7,N,1,(+),(,11900,
3125,,,,,,T7,N,1,(+),(,11900,
3126,,,,,,T7,N,1,(+),(,11900,
3127,,,,,,T7,N,1,(+),(,11900,
3128,,,,,,T7,N,1,(+),(,11900,
3129,,,,,,T7,N,1,(+),(,11900,
3130,,,,,,T7,N,1,(+),(,11900,
3131,,,,,,T7,N,1,(+),(,11900,
3132,,,,,,T7,N,1,(+),(,11900,
3133,,,,,,T7,N,1,(+),(,11900,
3134,,,,,,T7,N,1,(+),(,11900,
3135,,,,,,T7,N,1,(+),(,11900,
3136,,,,,,T7,N,1,(+),(,11900,
3137,,,,,,T7,N,1,(+),(,11900,
3138,,,,,,T7,N,1,(+),(,11900,
3139,,,,,,T7,N,1,(+),(,11900,
3140,,,,,,T7,N,1,(+),(,11900,
3141,,,,,,T7,N,1,(+),(,11900,
3142,,,,,,T7,N,1,(+),(,11900,
3143,,,,,,T7,N,1,(+),(,11900,
3144,,,,,,T7,N,1,(+),(,11900,
3145,,,,,,T7,N,1,(+),(,11900,
3146,,,,,,T7,N,1,(+),(,11900,
3147,,,,,,T7,N,1,(+),(,11900,
3148,,,,,,T7,N,1,(+),(,11900,
3149,,,,,,T7,N,1,(+),(,11900,
3150,,,,,,T7,N,1,(+),(,11900,
3151,,,,,,T7,N,1,(+),(,11900,
3152,,,,,,T7,N,1,(+),(,11900,
3153,,,,,,T7,N,1,(+),(,11900,
3154,,,,,,T7,N,1,(+),(,11900,
3155,,,,,,T7,N,1,(+),(,11900,
3156,,,,,,T7,N,1,(+),(,11900,
3157,,,,,,T7,N,1,(+),(,11900,
3158,,,,,,T7,N,1,(+),(,11900,
3159,,,,,,T7,N,1,(+),(,11900,
3160,,,,,,T7,N,1,(+),(,11900,
3161,,,,,,T7,N,1,(+),(,11900,
3162,,,,,,T7,N,1,(+),(,11900,
3163,,,,,,T7,N,1,(+),(,11900,
3164,,,,,,T7,N,1,(+),(,11900,
3165,,,,,,T7,N,1,(+),(,11900,
3166,,,,,,T7,N,1,(+),(,11900,
3167,,,,,,T7,N,1,(+),(,11900,
3168,,,,,,T7,N,1,(+),(,11900,
3169,,,,,,T7,N,1,(+),(,11900,
3170,,,,,,T7,N,1,(+),(,11900,
3171,,,,,,T7,N,1,(+),(,11900,
3172,,,,,,T7,N,1,(+),(,11900,
3173,,,,,,T7,N,1,(+),(,11900,
3174,,,,,,T7,N,1,(+),(,11900,
3175,,,,,,T7,N,1,(+),(,11900,
3176,,,,,,T7,N,1,(+),(,11900,
3177,,,,,,T7,N,1,(+),(,11900,
3178,,,,,,T7,N,1,(+),(,11900,
3179,,,,,,T7,N,1,(+),(,11900,
3180,,,,,,T7,N,1,(+),(,11900,
3181,,,,,,T7,N,1,(+),(,11900,
3182,,,,,,T7,N,1,(+),(,11900,
3183,,,,,,T7,N,1,(+),(,11900,
3184,,,,,,T7,N,1,(+),(,11900,
3185,,,,,,T7,N,1,(+),(,11900,
3186,,,,,,T7,N,1,(+),(,11900,
3187,,,,,,T7,N,1,(+),(,11900,
3188,,,,,,T7,N,1,(+),(,11900,
3189,,,,,,T7,N,1,(+),(,11900,
3190,,,,,,T7,N,1,(+),(,11900,
3191,,,,,,T7,N,1,(+),(,11900,
3192,,,,,,T7,N,1,(+),(,11900,
3193,,,,,,T7,N,1,(+),(,11900,
3194,,,,,,T7,N,1,(+),(,11900,
3195,,,,,,T7,N,1,(+),(,11900,
3196,,,,,,T7,N,1,(+),(,11900,
3197,,,,,,T7,N,1,(+),(,11900,
3198,,,,,,T7,N,1,(+),(,11900,
3199,,,,,,T7,N,1,(+),(,11900,
3200,,,,,,T7,N,1,(+),(,11900,
3201,,,,,,T7,N,1,(+),(,11900,
3202,,,,,,T7,N,1,(+),(,11900,
3203,,,,,,T7,N,1,(+),(,11900,
3204,,,,,,T7,N,1,(+),(,11900,
3205,,,,,,T7,N,1,(+),(,11900,
3206,,,,,,T7,N,1,(+),(,11900,
3207,,,,,,T7,N,1,(+),(,11900,
3208,,,,,,T7,N,1,(+),(,11900,
3209,,,,,,T7,N,1,(+),(,11900,
3210,,,,,,T7,N,1,(+),(,11900,
3211,,,,,,T7,N,1,(+),(,11900,
3212,,,,,,T7,N,1,(+),(,11900,
3213,,,,,,T7,N,1,(+),(,11900,
3214,,,,,,T7,N,1,(+),(,11900,
3215,,,,,,T7,N,1,(+),(,11900,
3216,,,,,,T7,N,1,(+),(,11900,
3217,,,,,,T7,N,1,(+),(,11900,
3218,,,,,,T7,N,1,(+),(,11900,
3219,,,,,,T7,N,1,(+),(,11900,
3220,,,,,,T7,N,1,(+),(,11900,
3221,,,,,,T7,N,1,(+),(,11900,
3222,,,,,,T7,N,1,(+),(,11900,
3223,,,,,,T7,N,1,(+),(,11900,
3224,,,,,,T7,N,1,(+),(,11900,
3225,,,,,,T7,N,1,(+),(,11900,
3226,,,,,,T7,N,1,(+),(,11900,
3227,,,,,,T7,N,1,(+),(,11900,
3228,,,,,,T7,N,1,(+),(,11900,
3229,,,,,,T7,N,1,(+),(,11900,
3230,,,,,,T7,N,1,(+),(,11900,
3231,,,,,,T7,N,1,(+),(,11900,
3232,,,,,,T7,N,1,(+),(,11900,
3233,,,,,,T7,N,1,(+),(,11900,
3234,,,,,,T7,N,1,(+),(,11900,
3235,,,,,,T7,N,1,(+),(,11900,
3236,,,,,,T7,N,1,(+),(,11900,
3237,,,,,,T7,N,1,(+),(,11900,
3238,,,,,,T7,N,1,(+),(,11900,
3239,,,,,,T7,N,1,(+),(,11900,
3240,,,,,,T7,N,1,(+),(,11900,
3241,,,,,,T7,N,1,(+),(,11900,
3242,,,,,,T7,N,1,(+),(,11900,
3243,,,,,,T7,N,1,(+),(,11900,
3244,,,,,,T7,N,1,(+),(,11900,
3245,,,,,,T7,N,1,(+),(,11900,
3246,,,,,,T7,N,1,(+),(,11900,
3247,,,,,,T7,N,1,(+),(,11900,
3248,,,,,,T7,N,1,(+),(,11900,
3249,,,,,,T7,N,1,(+),(,11900,
3250,,,,,,T7,N,1,(+),(,11900,
3251,,,,,,T7,N,1,(+),(,11900,
3252,,,,,,T7,N,1,(+),(,11900,
3253,,,,,,T7,N,1,(+),(,11900,
3254,,,,,,T7,N,1,(+),(,11900,
3255,,,,,,T7,N,1,(+),(,11900,
3256,,,,,,T7,N,1,(+),(,11900,
3257,,,,,,T7,N,1,(+),(,11900,
3258,,,,,,T7,N,1,(+),(,11900,
3259,,,,,,T7,N,1,(+),(,11900,
3260,,,,,,T7,N,1,(+),(,11900,
3261,,,,,,T7,N,1,(+),(,11900,
3262,,,,,,T7,N,1,(+),(,11900,
3263,,,,,,T7,N,1,(+),(,11900,
3264,,,,,,T7,N,1,(+),(,11900,
3265,,,,,,T7,N,1,(+),(,11900,
3266,,,,,,T7,N,1,(+),(,11900,
3267,,,,,,T7,N,1,(+),(,11900,
3268,,,,,,T7,N,1,(+),(,11900,
3269,,,,,,T7,N,1,(+),(,11900,
3270,,,,,,T7,N,1,(+),(,11900,
3271,,,,,,T7,N,1,(+),(,11900,
3272,,,,,,T7,N,1,(+),(,11900,
3273,,,,,,T7,N,1,(+),(,11900,
3274,,,,,,T7,N,1,(+),(,11900,
3275,,,,,,T7,N,1,(+),(,11900,
3276,,,,,,T7,N,1,(+),(,11900,
3277,,,,,,T7,N,1,(+),(,11900,
3278,,,,,,T7,N,1,(+),(,11900,
3279,,,,,,T7,N,1,(+),(,11900,
3280,,,,,,T7,N,1,(+),(,11900,
3281,,,,,,T7,N,1,(+),(,11900,
3282,,,,,,T7,N,1,(+),(,11900,
3283,,,,,,T7,N,1,(+),(,11900,
3284,,,,,,T7,N,1,(+),(,11900,
3285,,,,,,T7,N,1,(+),(,11900,
3286,,,,,,T7,N,1,(+),(,11900,
3287,,,,,,T7,N,1,(+),(,11900,
3288,,,,,,T7,N,1,(+),(,11900,
3289,,,,,,T7,N,1,(+),(,11900,
3290,,,,,,T7,N,1,(+),(,11900,
3291,,,,,,T7,N,1,(+),(,11900,
3292,,,,,,T7,N,1,(+),(,11900,
3293,,,,,,T7,N,1,(+),(,11900,
3294,,,,,,T7,N,1,(+),(,11900,
3295,,,,,,T7,N,1,(+),(,11900,
3296,,,,,,T7,N,1,(+),(,11900,
3297,,,,,,T7,N,1,(+),(,11900,
3298,,,,,,T7,N,1,(+),(,11900,
3299,,,,,,T7,N,1,(+),(,11900,
3300,,,,,,T7,N,1,(+),(,11900,
3301,,,,,,T7,N,1,(+),(,11900,
3302,,,,,,T7,N,1,(+),(,11900,
3303,,,,,,T7,N,1,(+),(,11900,
3304,,,,,,T7,N,1,(+),(,11900,
3305,,,,,,T7,N,1,(+),(,11900,
3306,,,,,,T7,N,1,(+),(,11900,
3307,,,,,,T7,N,1,(+),(,11900,
3308,,,,,,T7,N,1,(+),(,11900,
3309,,,,,,T7,N,1,(+),(,11900,
3310,,,,,,T7,N,1,(+),(,11900,
3311,,,,,,T7,N,1,(+),(,11900,
3312,,,,,,T7,N,1,(+),(,11900,
3313,,,,,,T7,N,1,(+),(,11900,
3314,,,,,,T7,N,1,(+),(,11900,
3315,,,,,,T7,N,1,(+),(,11900,
3316,,,,,,T7,N,1,(+),(,11900,
3317,,,,,,T7,N,1,(+),(,11900,
3318,,,,,,T7,N,1,(+),(,11900,
3319,,,,,,T7,N,1,(+),(,11900,
3320,,,,,,T7,N,1,(+),(,11900,
3321,,,,,,T7,N,1,(+),(,11900,
3322,,,,,,T7,N,1,(+),(,11900,
3323,,,,,,T7,N,1,(+),(,11900,
3324,,,,,,T7,N,1,(+),(,11900,
3325,,,,,,T7,N,1,(+),(,11900,
3326,,,,,,T7,N,1,(+),(,11900,
3327,,,,,,T7,N,1,(+),(,11900,
3328,,,,,,T7,N,1,(+),(,11900,
3329,,,,,,T7,N,1,(+),(,11900,
3330,,,,,,T7,N,1,(+),(,11900,
3331,,,,,,T7,N,1,(+),(,11900,
3332,,,,,,T7,N,1,(+),(,11900,
3333,,,,,,T7,N,1,(+),(,11900,
3334,,,,,,T7,N,1,(+),(,11900,
3335,,,,,,T7,N,1,(+),(,11900,
3336,,,,,,T7,N,1,(+),(,11900,
3337,,,,,,T7,N,1,(+),(,11900,
3338,,,,,,T7,N,1,(+),(,11900,
3339,,,,,,T7,N,1,(+),(,11900,
3340,,,,,,T7,N,1,(+),(,11900,
3341,,,,,,T7,N,1,(+),(,11900,
3342,,,,,,T7,N,1,(+),(,11900,
3343,,,,,,T7,N,1,(+),(,11900,
3344,,,,,,T7,N,1,(+),(,11900,
3345,,,,,,T7,N,1,(+),(,11900,
3346,,,,,,T7,N,1,(+),(,11900,
3347,,,,,,T7,N,1,(+),(,11900,
3348,,,,,,T7,N,1,(+),(,11900,
3349,,,,,,T7,N,1,(+),(,11900,
3350,,,,,,T7,N,1,(+),(,11900,
3351,,,,,,T7,N,1,(+),(,11900,
3352,,,,,,T7,N,1,(+),(,11900,
3353,,,,,,T7,N,1,(+),(,11900,
3354,,,,,,T7,N,1,(+),(,11900,
3355,,,,,,T7,N,1,(+),(,11900,
3356,,,,,,T7,N,1,(+),(,11900,
3357,,,,,,T7,N,1,(+),(,11900,
3358,,,,,,T7,N,1,(+),(,11900,
3359,,,,,,T7,N,1,(+),(,11900,
3360,,,,,,T7,N,1,(+),(,11900,
3361,,,,,,T7,N,1,(+),(,11900,
3362,,,,,,T7,N,1,(+),(,11900,
3363,,,,,,T7,N,1,(+),(,11900,
3364,,,,,,T7,N,1,(+),(,11900,
3365,,,,,,T7,N,1,(+),(,11900,
3366,,,,,,T7,N,1,(+),(,11900,
3367,,,,,,T7,N,1,(+),(,11900,
3368,,,,,,T7,N,1,(+),(,11900,
3369,,,,,,T7,N,1,(+),(,11900,
3370,,,,,,T7,N,1,(+),(,11900,
3371,,,,,,T7,N,1,(+),(,11900,
3372,,,,,,T7,N,1,(+),(,11900,
3373,,,,,,T7,N,1,(+),(,11900,
3374,,,,,,T7,N,1,(+),(,11900,
3375,,,,,,T7,N,1,(+),(,11900,
3376,,,,,,T7,N,1,(+),(,11900,
3377,,,,,,T7,N,1,(+),(,11900,
3378,,,,,,T7,N,1,(+),(,11900,
3379,,,,,,T7,N,1,(+),(,11900,
3380,,,,,,T7,N,1,(+),(,11900,
3381,,,,,,T7,N,1,(+),(,11900,
3382,,,,,,T7,N,1,(+),(,11900,
3383,,,,,,T7,N,1,(+),(,11900,
3384,,,,,,T7,N,1,(+),(,11900,
3385,,,,,,T7,N,1,(+),(,11900,
3386,,,,,,T7,N,1,(+),(,11900,
3387,,,,,,T7,N,1,(+),(,11900,
3388,,,,,,T7,N,1,(+),(,11900,
3389,,,,,,T7,N,1,(+),(,11900,
3390,,,,,,T7,N,1,(+),(,11900,
3391,,,,,,T7,N,1,(+),(,11900,
3392,,,,,,T7,N,1,(+),(,11900,
3393,,,,,,T7,N,1,(+),(,11900,
3394,,,,,,T7,N,1,(+),(,11900,
3395,,,,,,T7,N,1,(+),(,11900,
3396,,,,,,T7,N,1,(+),(,11900,
3397,,,,,,T7,N,1,(+),(,11900,
3398,,,,,,T7,N,1,(+),(,11900,
3399,,,,,,T7,N,1,(+),(,11900,
3400,,,,,,T7,N,1,(+),(,11900,
3401,,,,,,T7,N,1,(+),(,11900,
3402,,,,,,T7,N,1,(+),(,11900,
3403,,,,,,T7,N,1,(+),(,11900,
3404,,,,,,T7,N,1,(+),(,11900,
3405,,,,,,T7,N,1,(+),(,11900,
3406,,,,,,T7,N,1,(+),(,11900,
3407,,,,,,T7,N,1,(+),(,11900,
3408,,,,,,T7,N,1,(+),(,11900,
3409,,,,,,T7,N,1,(+),(,11900,
3410,,,,,,T7,N,1,(+),(,11900,
3411,,,,,,T7,N,1,(+),(,11900,
3412,,,,,,T7,N,1,(+),(,11900,
3413,,,,,,T7,N,1,(+),(,11900,
3414,,,,,,T7,N,1,(+),(,11900,
3415,,,,,,T7,N,1,(+),(,11900,
3416,,,,,,T7,N,1,(+),(,11900,
3417,,,,,,T7,N,1,(+),(,11900,
3418,,,,,,T7,N,1,(+),(,11900,
3419,,,,,,T7,N,1,(+),(,11900,
3420,,,,,,T7,N,1,(+),(,11900,
3421,,,,,,T7,N,1,(+),(,11900,
3422,,,,,,T7,N,1,(+),(,11900,
3423,,,,,,T7,N,1,(+),(,11900,
3424,,,,,,T7,N,1,(+),(,11900,
3425,,,,,,T7,N,1,(+),(,11900,
3426,,,,,,T7,N,1,(+),(,11900,
3427,,,,,,T7,N,1,(+),(,11900,
3428,,,,,,T7,N,1,(+),(,11900,
3429,,,,,,T7,N,1,(+),(,11900,
3430,,,,,,T7,N,1,(+),(,11900,
3431,,,,,,T7,N,1,(+),(,11900,
3432,,,,,,T7,N,1,(+),(,11900,
3433,,,,,,T7,N,1,(+),(,11900,
3434,,,,,,T7,N,1,(+),(,11900,
3435,,,,,,T7,N,1,(+),(,11900,
3436,,,,,,T7,N,1,(+),(,11900,
3437,,,,,,T7,N,1,(+),(,11900,
3438,,,,,,T7,N,1,(+),(,11900,
3439,,,,,,T7,N,1,(+),(,11900,
3440,,,,,,T7,N,1,(+),(,11900,
3441,,,,,,T7,N,1,(+),(,11900,
3442,,,,,,T7,N,1,(+),(,11900,
3443,,,,,,T7,N,1,(+),(,11900,
3444,,,,,,T7,N,1,(+),(,11900,
3445,,,,,,T7,N,1,(+),(,11900,
3446,,,,,,T7,N,1,(+),(,11900,
3447,,,,,,T7,N,1,(+),(,11900,
3448,,,,,,T7,N,1,(+),(,11900,
3449,,,,,,T7,N,1,(+),(,11900,
3450,,,,,,T7,N,1,(+),(,11900,
3451,,,,,,T7,N,1,(+),(,11900,
3452,,,,,,T7,N,1,(+),(,11900,
3453,,,,,,T7,N,1,(+),(,11900,
3454,,,,,,T7,N,1,(+),(,11900,
3455,,,,,,T7,N,1,(+),(,11900,
3456,,,,,,T7,N,1,(+),(,11900,
3457,,,,,,T7,N,1,(+),(,11900,
3458,,,,,,T7,N,1,(+),(,11900,
3459,,,,,,T7,N,1,(+),(,11900,
3460,,,,,,T7,N,1,(+),(,11900,
3461,,,,,,T7,N,1,(+),(,11900,
3462,,,,,,T7,N,1,(+),(,11900,
3463,,,,,,T7,N,1,(+),(,11900,
3464,,,,,,T7,N,1,(+),(,11900,
3465,,,,,,T7,N,1,(+),(,11900,
3466,,,,,,T7,N,1,(+),(,11900,
3467,,,,,,T7,N,1,(+),(,11900,
3468,,,,,,T7,N,1,(+),(,11900,
3469,,,,,,T7,N,1,(+),(,11900,
3470,,,,,,T7,N,1,(+),(,11900,
3471,,,,,,T7,N,1,(+),(,11900,
3472,,,,,,T7,N,1,(+),(,11900,
3473,,,,,,T7,N,1,(+),(,11900,
3474,,,,,,T7,N,1,(+),(,11900,
3475,,,,,,T7,N,1,(+),(,11900,
3476,,,,,,T7,N,1,(+),(,11900,
3477,,,,,,T7,N,1,(+),(,11900,
3478,,,,,,T7,N,1,(+),(,11900,
3479,,,,,,T7,N,1,(+),(,11900,
3480,,,,,,T7,N,1,(+),(,11900,
3481,,,,,,T7,N,1,(+),(,11900,
3482,,,,,,T7,N,1,(+),(,11900,
3483,,,,,,T7,N,1,(+),(,11900,
3484,,,,,,T7,N,1,(+),(,11900,
3485,,,,,,T7,N,1,(+),(,11900,
3486,,,,,,T7,N,1,(+),(,11900,
3487,,,,,,T7,N,1,(+),(,11900,
3488,,,,,,T7,N,1,(+),(,11900,
3489,,,,,,T7,N,1,(+),(,11900,
3490,,,,,,T7,N,1,(+),(,11900,
3491,,,,,,T7,N,1,(+),(,11900,
3492,,,,,,T7,N,1,(+),(,11900,
3493,,,,,,T7,N,1,(+),(,11900,
3494,,,,,,T7,N,1,(+),(,11900,
3495,,,,,,T7,N,1,(+),(,11900,
3496,,,,,,T7,N,1,(+),(,11900,
3497,,,,,,T7,N,1,(+),(,11900,
3498,,,,,,T7,N,1,(+),(,11900,
3499,,,,,,T7,N,1,(+),(,11900,
3500,,,,,,T7,N,1,(+),(,11900,
3501,,,,,,T7,N,1,(+),(,11900,
3502,,,,,,T7,N,1,(+),(,11900,
3503,,,,,,T7,N,1,(+),(,11900,
3504,,,,,,T7,N,1,(+),(,11900,
3505,,,,,,T7,N,1,(+),(,11900,
3506,,,,,,T7,N,1,(+),(,11900,
3507,,,,,,T7,N,1,(+),(,11900,
3508,,,,,,T7,N,1,(+),(,11900,
3509,,,,,,T7,N,1,(+),(,11900,
3510,,,,,,T7,N,1,(+),(,11900,
3511,,,,,,T7,N,1,(+),(,11900,
3512,,,,,,T7,N,1,(+),(,11900,
3513,,,,,,T7,N,1,(+),(,11900,
3514,,,,,,T7,N,1,(+),(,11900,
3515,,,,,,T7,N,1,(+),(,11900,
3516,,,,,,T7,N,1,(+),(,11900,
3517,,,,,,T7,N,1,(+),(,11900,
3518,,,,,,T7,N,1,(+),(,11900,
3519,,,,,,T7,N,1,(+),(,11900,
3520,,,,,,T7,N,1,(+),(,11900,
3521,,,,,,T7,N,1,(+),(,11900,
3522,,,,,,T7,N,1,(+),(,11900,
3523,,,,,,T7,N,1,(+),(,11900,
3524,,,,,,T7,N,1,(+),(,11900,
3525,,,,,,T7,N,1,(+),(,11900,
3526,,,,,,T7,N,1,(+),(,11900,
3527,,,,,,T7,N,1,(+),(,11900,
3528,,,,,,T7,N,1,(+),(,11900,
3529,,,,,,T7,N,1,(+),(,11900,
3530,,,,,,T7,N,1,(+),(,11900,
3531,,,,,,T7,N,1,(+),(,11900,
3532,,,,,,T7,N,1,(+),(,11900,
3533,,,,,,T7,N,1,(+),(,11900,
3534,,,,,,T7,N,1,(+),(,11900,
3535,,,,,,T7,N,1,(+),(,11900,
3536,,,,,,T7,N,1,(+),(,11900,
3537,,,,,,T7,N,1,(+),(,11900,
3538,,,,,,T7,N,1,(+),(,11900,
3539,,,,,,T7,N,1,(+),(,11900,
3540,,,,,,T7,N,1,(+),(,11900,
3541,,,,,,T7,N,1,(+),(,11900,
3542,,,,,,T7,N,1,(+),(,11900,
3543,,,,,,T7,N,1,(+),(,11900,
3544,,,,,,T7,N,1,(+),(,11900,
3545,,,,,,T7,N,1,(+),(,11900,
3546,,,,,,T7,N,1,(+),(,11900,
3547,,,,,,T7,N,1,(+),(,11900,
3548,,,,,,T7,N,1,(+),(,11900,
3549,,,,,,T7,N,1,(+),(,11900,
3550,,,,,,T7,N,1,(+),(,11900,
3551,,,,,,T7,N,1,(+),(,11900,
3552,,,,,,T7,N,1,(+),(,11900,
3553,,,,,,T7,N,1,(+),(,11900,
3554,,,,,,T7,N,1,(+),(,11900,
3555,,,,,,T7,N,1,(+),(,11900,
3556,,,,,,T7,N,1,(+),(,11900,
3557,,,,,,T7,N,1,(+),(,11900,
3558,,,,,,T7,N,1,(+),(,11900,
3559,,,,,,T7,N,1,(+),(,11900,
3560,,,,,,T7,N,1,(+),(,11900,
3561,,,,,,T7,N,1,(+),(,11900,
3562,,,,,,T7,N,1,(+),(,11900,
3563,,,,,,T7,N,1,(+),(,11900,
3564,,,,,,T7,N,1,(+),(,11900,
3565,,,,,,T7,N,1,(+),(,11900,
3566,,,,,,T7,N,1,(+),(,11900,
3567,,,,,,T7,N,1,(+),(,11900,
3568,,,,,,T7,N,1,(+),(,11900,
3569,,,,,,T7,N,1,(+),(,11900,
3570,,,,,,T7,N,1,(+),(,11900,
3571,,,,,,T7,N,1,(+),(,11900,
3572,,,,,,T7,N,1,(+),(,11900,
3573,,,,,,T7,N,1,(+),(,11900,
3574,,,,,,T7,N,1,(+),(,11900,
3575,,,,,,T7,N,1,(+),(,11900,
3576,,,,,,T7,N,1,(+),(,11900,
3577,,,,,,T7,N,1,(+),(,11900,
3578,,,,,,T7,N,1,(+),(,11900,
3579,,,,,,T7,N,1,(+),(,11900,
3580,,,,,,T7,N,1,(+),(,11900,
3581,,,,,,T7,N,1,(+),(,11900,
3582,,,,,,T7,N,1,(+),(,11900,
3583,,,,,,T7,N,1,(+),(,11900,
3584,,,,,,T7,N,1,(+),(,11900,
3585,,,,,,T7,N,1,(+),(,11900,
3586,,,,,,T7,N,1,(+),(,11900,
3587,,,,,,T7,N,1,(+),(,11900,
3588,,,,,,T7,N,1,(+),(,11900,
3589,,,,,,T7,N,1,(+),(,11900,
3590,,,,,,T7,N,1,(+),(,11900,
3591,,,,,,T7,N,1,(+),(,11900,
3592,,,,,,T7,N,1,(+),(,11900,
3593,,,,,,T7,N,1,(+),(,11900,
3594,,,,,,T7,N,1,(+),(,11900,
3595,,,,,,T7,N,1,(+),(,11900,
3596,,,,,,T7,N,1,(+),(,11900,
3597,,,,,,T7,N,1,(+),(,11900,
3598,,,,,,T7,N,1,(+),(,11900,
3599,,,,,,T7,N,1,(+),(,11900,
3600,,,,,,T7,N,1,(+),(,11900,
3601,,,,,,T7,N,1,(+),(,11900,
3602,,,,,,T7,N,1,(+),(,11900,
3603,,,,,,T7,N,1,(+),(,11900,
3604,,,,,,T7,N,1,(+),(,11900,
3605,,,,,,T7,N,1,(+),(,11900,
3606,,,,,,T7,N,1,(+),(,11900,
3607,,,,,,T7,N,1,(+),(,11900,
3608,,,,,,T7,N,1,(+),(,11900,
3609,,,,,,T7,N,1,(+),(,11900,
3610,,,,,,T7,N,1,(+),(,11900,
3611,,,,,,T7,N,1,(+),(,11900,
3612,,,,,,T7,N,1,(+),(,11900,
3613,,,,,,T7,N,1,(+),(,11900,
3614,,,,,,T7,N,1,(+),(,11900,
3615,,,,,,T7,N,1,(+),(,11900,
3616,,,,,,T7,N,1,(+),(,11900,
3617,,,,,,T7,N,1,(+),(,11900,
3618,,,,,,T7,N,1,(+),(,11900,
3619,,,,,,T7,N,1,(+),(,11900,
3620,,,,,,T7,N,1,(+),(,11900,
3621,,,,,,T7,N,1,(+),(,11900,
3622,,,,,,T7,N,1,(+),(,11900,
3623,,,,,,T7,N,1,(+),(,11900,
3624,,,,,,T7,N,1,(+),(,11900,
3625,,,,,,T7,N,1,(+),(,11900,
3626,,,,,,T7,N,1,(+),(,11900,
3627,,,,,,T7,N,1,(+),(,11900,
3628,,,,,,T7,N,1,(+),(,11900,
3629,,,,,,T7,N,1,(+),(,11900,
3630,,,,,,T7,N,1,(+),(,11900,
3631,,,,,,T7,N,1,(+),(,11900,
3632,,,,,,T7,N,1,(+),(,11900,
3633,,,,,,T7,N,1,(+),(,11900,
3634,,,,,,T7,N,1,(+),(,11900,
3635,,,,,,T7,N,1,(+),(,11900,
3636,,,,,,T7,N,1,(+),(,11900,
3637,,,,,,T7,N,1,(+),(,11900,
3638,,,,,,T7,N,1,(+),(,11900,
3639,,,,,,T7,N,1,(+),(,11900,
3640,,,,,,T7,N,1,(+),(,11900,
3641,,,,,,T7,N,1,(+),(,11900,
3642,,,,,,T7,N,1,(+),(,11900,
3643,,,,,,T7,N,1,(+),(,11900,
3644,,,,,,T7,N,1,(+),(,11900,
3645,,,,,,T7,N,1,(+),(,11900,
3646,,,,,,T7,N,1,(+),(,11900,
3647,,,,,,T7,N,1,(+),(,11900,
3648,,,,,,T7,N,1,(+),(,11900,
3649,,,,,,T7,N,1,(+),(,11900,
3650,,,,,,T7,N,1,(+),(,11900,
3651,,,,,,T7,N,1,(+),(,11900,
3652,,,,,,T7,N,1,(+),(,11900,
3653,,,,,,T7,N,1,(+),(,11900,
3654,,,,,,T7,N,1,(+),(,11900,
3655,,,,,,T7,N,1,(+),(,11900,
3656,,,,,,T7,N,1,(+),(,11900,
3657,,,,,,T7,N,1,(+),(,11900,
3658,,,,,,T7,N,1,(+),(,11900,
3659,,,,,,T7,N,1,(+),(,11900,
3660,,,,,,T7,N,1,(+),(,11900,
3661,,,,,,T7,N,1,(+),(,11900,
3662,,,,,,T7,N,1,(+),(,11900,
3663,,,,,,T7,N,1,(+),(,11900,
3664,,,,,,T7,N,1,(+),(,11900,
3665,,,,,,T7,N,1,(+),(,11900,
3666,,,,,,T7,N,1,(+),(,11900,
3667,,,,,,T7,N,1,(+),(,11900,
3668,,,,,,T7,N,1,(+),(,11900,
3669,,,,,,T7,N,1,(+),(,11900,
3670,,,,,,T7,N,1,(+),(,11900,
3671,,,,,,T7,N,1,(+),(,11900,
3672,,,,,,T7,N,1,(+),(,11900,
3673,,,,,,T7,N,1,(+),(,11900,
3674,,,,,,T7,N,1,(+),(,11900,
3675,,,,,,T7,N,1,(+),(,11900,
3676,,,,,,T7,N,1,(+),(,11900,
3677,,,,,,T7,N,1,(+),(,11900,
3678,,,,,,T7,N,1,(+),(,11900,
3679,,,,,,T7,N,1,(+),(,11900,
3680,,,,,,T7,N,1,(+),(,11900,
3681,,,,,,T7,N,1,(+),(,11900,
3682,,,,,,T7,N,1,(+),(,11900,
3683,,,,,,T7,N,1,(+),(,11900,
3684,,,,,,T7,N,1,(+),(,11900,
3685,,,,,,T7,N,1,(+),(,11900,
3686,,,,,,T7,N,1,(+),(,11900,
3687,,,,,,T7,N,1,(+),(,11900,
3688,,,,,,T7,N,1,(+),(,11900,
3689,,,,,,T7,N,1,(+),(,11900,
3690,,,,,,T7,N,1,(+),(,11900,
3691,,,,,,T7,N,1,(+),(,11900,
3692,,,,,,T7,N,1,(+),(,11900,
3693,,,,,,T7,N,1,(+),(,11900,
3694,,,,,,T7,N,1,(+),(,11900,
3695,,,,,,T7,N,1,(+),(,11900,
3696,,,,,,T7,N,1,(+),(,11900,
3697,,,,,,T7,N,1,(+),(,11900,
3698,,,,,,T7,N,1,(+),(,11900,
3699,,,,,,T7,N,1,(+),(,11900,
3700,,,,,,T7,N,1,(+),(,11900,
3701,,,,,,T7,N,1,(+),(,11900,
3702,,,,,,T7,N,1,(+),(,11900,
3703,,,,,,T7,N,1,(+),(,11900,
3704,,,,,,T7,N,1,(+),(,11900,
3705,,,,,,T7,N,1,(+),(,11900,
3706,,,,,,T7,N,1,(+),(,11900,
3707,,,,,,T7,N,1,(+),(,11900,
3708,,,,,,T7,N,1,(+),(,11900,
3709,,,,,,T7,N,1,(+),(,11900,
3710,,,,,,T7,N,1,(+),(,11900,
3711,,,,,,T7,N,1,(+),(,11900,
3712,,,,,,T7,N,1,(+),(,11900,
3713,,,,,,T7,N,1,(+),(,11900,
3714,,,,,,T7,N,1,(+),(,11900,
3715,,,,,,T7,N,1,(+),(,11900,
3716,,,,,,T7,N,1,(+),(,11900,
3717,,,,,,T7,N,1,(+),(,11900,
3718,,,,,,T7,N,1,(+),(,11900,
3719,,,,,,T7,N,1,(+),(,11900,
3720,,,,,,T7,N,1,(+),(,11900,
3721,,,,,,T7,N,1,(+),(,11900,
3722,,,,,,T7,N,1,(+),(,11900,
3723,,,,,,T7,N,1,(+),(,11900,
3724,,,,,,T7,N,1,(+),(,11900,
3725,,,,,,T7,N,1,(+),(,11900,
3726,,,,,,T7,N,1,(+),(,11900,
3727,,,,,,T7,N,1,(+),(,11900,
3728,,,,,,T7,N,1,(+),(,11900,
3729,,,,,,T7,N,1,(+),(,11900,
3730,,,,,,T7,N,1,(+),(,11900,
3731,,,,,,T7,N,1,(+),(,11900,
3732,,,,,,T7,N,1,(+),(,11900,
3733,,,,,,T7,N,1,(+),(,11900,
3734,,,,,,T7,N,1,(+),(,11900,
3735,,,,,,T7,N,1,(+),(,11900,
3736,,,,,,T7,N,1,(+),(,11900,
3737,,,,,,T7,N,1,(+),(,11900,
3738,,,,,,T7,N,1,(+),(,11900,
3739,,,,,,T7,N,1,(+),(,11900,
3740,,,,,,T7,N,1,(+),(,11900,
3741,,,,,,T7,N,1,(+),(,11900,
3742,,,,,,T7,N,1,(+),(,11900,
3743,,,,,,T7,N,1,(+),(,11900,
3744,,,,,,T7,N,1,(+),(,11900,
3745,,,,,,T7,N,1,(+),(,11900,
3746,,,,,,T7,N,1,(+),(,11900,
3747,,,,,,T7,N,1,(+),(,11900,
3748,,,,,,T7,N,1,(+),(,11900,
3749,,,,,,T7,N,1,(+),(,11900,
3750,,,,,,T7,N,1,(+),(,11900,
3751,,,,,,T7,N,1,(+),(,11900,
3752,,,,,,T7,N,1,(+),(,11900,
3753,,,,,,T7,N,1,(+),(,11900,
3754,,,,,,T7,N,1,(+),(,11900,
3755,,,,,,T7,N,1,(+),(,11900,
3756,,,,,,T7,N,1,(+),(,11900,
3757,,,,,,T7,N,1,(+),(,11900,
3758,,,,,,T7,N,1,(+),(,11900,
3759,,,,,,T7,N,1,(+),(,11900,
3760,,,,,,T7,N,1,(+),(,11900,
3761,,,,,,T7,N,1,(+),(,11900,
3762,,,,,,T7,N,1,(+),(,11900,
3763,,,,,,T7,N,1,(+),(,11900,
3764,,,,,,T7,N,1,(+),(,11900,
3765,,,,,,T7,N,1,(+),(,11900,
3766,,,,,,T7,N,1,(+),(,11900,
3767,,,,,,T7,N,1,(+),(,11900,
3768,,,,,,T7,N,1,(+),(,11900,
3769,,,,,,T7,N,1,(+),(,11900,
3770,,,,,,T7,N,1,(+),(,11900,
3771,,,,,,T7,N,1,(+),(,11900,
3772,,,,,,T7,N,1,(+),(,11900,
3773,,,,,,T7,N,1,(+),(,11900,
3774,,,,,,T7,N,1,(+),(,11900,
3775,,,,,,T7,N,1,(+),(,11900,
3776,,,,,,T7,N,1,(+),(,11900,
3777,,,,,,T7,N,1,(+),(,11900,
3778,,,,,,T7,N,1,(+),(,11900,
3779,,,,,,T7,N,1,(+),(,11900,
3780,,,,,,T7,N,1,(+),(,11900,
3781,,,,,,T7,N,1,(+),(,11900,
3782,,,,,,T7,N,1,(+),(,11900,
3783,,,,,,T7,N,1,(+),(,11900,
3784,,,,,,T7,N,1,(+),(,11900,
3785,,,,,,T7,N,1,(+),(,11900,
3786,,,,,,T7,N,1,(+),(,11900,
3787,,,,,,T7,N,1,(+),(,11900,
3788,,,,,,T7,N,1,(+),(,11900,
3789,,,,,,T7,N,1,(+),(,11900,
3790,,,,,,T7,N,1,(+),(,11900,
3791,,,,,,T7,N,1,(+),(,11900,
3792,,,,,,T7,N,1,(+),(,11900,
3793,,,,,,T7,N,1,(+),(,11900,
3794,,,,,,T7,N,1,(+),(,11900,
3795,,,,,,T7,N,1,(+),(,11900,
3796,,,,,,T7,N,1,(+),(,11900,
3797,,,,,,T7,N,1,(+),(,11900,
3798,,,,,,T7,N,1,(+),(,11900,
3799,,,,,,T7,N,1,(+),(,11900,
3800,,,,,,T7,N,1,(+),(,11900,
3801,,,,,,T7,N,1,(+),(,11900,
3802,,,,,,T7,N,1,(+),(,11900,
3803,,,,,,T7,N,1,(+),(,11900,
3804,,,,,,T7,N,1,(+),(,11900,
3805,,,,,,T7,N,1,(+),(,11900,
3806,,,,,,T7,N,1,(+),(,11900,
3807,,,,,,T7,N,1,(+),(,11900,
3808,,,,,,T7,N,1,(+),(,11900,
3809,,,,,,T7,N,1,(+),(,11900,
3810,,,,,,T7,N,1,(+),(,11900,
3811,,,,,,T7,N,1,(+),(,11900,
3812,,,,,,T7,N,1,(+),(,11900,
3813,,,,,,T7,N,1,(+),(,11900,
3814,,,,,,T7,N,1,(+),(,11900,
3815,,,,,,T7,N,1,(+),(,11900,
3816,,,,,,T7,N,1,(+),(,11900,
3817,,,,,,T7,N,1,(+),(,11900,
3818,,,,,,T7,N,1,(+),(,11900,
3819,,,,,,T7,N,1,(+),(,11900,
3820,,,,,,T7,N,1,(+),(,11900,
3821,,,,,,T7,N,1,(+),(,11900,
3822,,,,,,T7,N,1,(+),(,11900,
3823,,,,,,T7,N,1,(+),(,11900,
3824,,,,,,T7,N,1,(+),(,11900,
3825,,,,,,T7,N,1,(+),(,11900,
3826,,,,,,T7,N,1,(+),(,11900,
3827,,,,,,T7,N,1,(+),(,11900,
3828,,,,,,T7,N,1,(+),(,11900,
3829,,,,,,T7,N,1,(+),(,11900,
3830,,,,,,T7,N,1,(+),(,11900,
3831,,,,,,T7,N,1,(+),(,11900,
3832,,,,,,T7,N,1,(+),(,11900,
3833,,,,,,T7,N,1,(+),(,11900,
3834,,,,,,T7,N,1,(+),(,11900,
3835,,,,,,T7,N,1,(+),(,11900,
3836,,,,,,T7,N,1,(+),(,11900,
3837,,,,,,T7,N,1,(+),(,11900,
3838,,,,,,T7,N,1,(+),(,11900,
3839,,,,,,T7,N,1,(+),(,11900,
3840,,,,,,T7,N,1,(+),(,11900,
3841,,,,,,T7,N,1,(+),(,11900,
3842,,,,,,T7,N,1,(+),(,11900,
3843,,,,,,T7,N,1,(+),(,11900,
3844,,,,,,T7,N,1,(+),(,11900,
3845,,,,,,T7,N,1,(+),(,11900,
3846,,,,,,T7,N,1,(+),(,11900,
3847,,,,,,T7,N,1,(+),(,11900,
3848,,,,,,T7,N,1,(+),(,11900,
3849,,,,,,T7,N,1,(+),(,11900,
3850,,,,,,T7,N,1,(+),(,11900,
3851,,,,,,T7,N,1,(+),(,11900,
3852,,,,,,T7,N,1,(+),(,11900,
3853,,,,,,T7,N,1,(+),(,11900,
3854,,,,,,T7,N,1,(+),(,11900,
3855,,,,,,T7,N,1,(+),(,11900,
3856,,,,,,T7,N,1,(+),(,11900,
3857,,,,,,T7,N,1,(+),(,11900,
3858,,,,,,T7,N,1,(+),(,11900,
3859,,,,,,T7,N,1,(+),(,11900,
3860,,,,,,T7,N,1,(+),(,11900,
3861,,,,,,T7,N,1,(+),(,11900,
3862,,,,,,T7,N,1,(+),(,11900,
3863,,,,,,T7,N,1,(+),(,11900,
3864,,,,,,T7,N,1,(+),(,11900,
3865,,,,,,T7,N,1,(+),(,11900,
3866,,,,,,T7,N,1,(+),(,11900,
3867,,,,,,T7,N,1,(+),(,11900,
3868,,,,,,T7,N,1,(+),(,11900,
3869,,,,,,T7,N,1,(+),(,11900,
3870,,,,,,T7,N,1,(+),(,11900,
3871,,,,,,T7,N,1,(+),(,11900,
3872,,,,,,T7,N,1,(+),(,11900,
3873,,,,,,T7,N,1,(+),(,11900,
3874,,,,,,T7,N,1,(+),(,11900,
3875,,,,,,T7,N,1,(+),(,11900,
3876,,,,,,T7,N,1,(+),(,11900,
3877,,,,,,T7,N,1,(+),(,11900,
3878,,,,,,T7,N,1,(+),(,11900,
3879,,,,,,T7,N,1,(+),(,11900,
3880,,,,,,T7,N,1,(+),(,11900,
3881,,,,,,T7,N,1,(+),(,11900,
3882,,,,,,T7,N,1,(+),(,11900,
3883,,,,,,T7,N,1,(+),(,11900,
3884,,,,,,T7,N,1,(+),(,11900,
3885,,,,,,T7,N,1,(+),(,11900,
3886,,,,,,T7,N,1,(+),(,11900,
3887,,,,,,T7,N,1,(+),(,11900,
3888,,,,,,T7,N,1,(+),(,11900,
3889,,,,,,T7,N,1,(+),(,11900,
3890,,,,,,T7,N,1,(+),(,11900,
3891,,,,,,T7,N,1,(+),(,11900,
3892,,,,,,T7,N,1,(+),(,11900,
3893,,,,,,T7,N,1,(+),(,11900,
3894,,,,,,T7,N,1,(+),(,11900,
3895,,,,,,T7,N,1,(+),(,11900,
3896,,,,,,T7,N,1,(+),(,11900,
3897,,,,,,T7,N,1,(+),(,11900,
3898,,,,,,T7,N,1,(+),(,11900,
3899,,,,,,T7,N,1,(+),(,11900,
3900,,,,,,T7,N,1,(+),(,11900,
3901,,,,,,T7,N,1,(+),(,11900,
3902,,,,,,T7,N,1,(+),(,11900,
3903,,,,,,T7,N,1,(+),(,11900,
3904,,,,,,T7,N,1,(+),(,11900,
3905,,,,,,T7,N,1,(+),(,11900,
3906,,,,,,T7,N,1,(+),(,11900,
3907,,,,,,T7,N,1,(+),(,11900,
3908,,,,,,T7,N,1,(+),(,11900,
3909,,,,,,T7,N,1,(+),(,11900,
3910,,,,,,T7,N,1,(+),(,11900,
3911,,,,,,T7,N,1,(+),(,11900,
3912,,,,,,T7,N,1,(+),(,11900,
3913,,,,,,T7,N,1,(+),(,11900,
3914,,,,,,T7,N,1,(+),(,11900,
3915,,,,,,T7,N,1,(+),(,11900,
3916,,,,,,T7,N,1,(+),(,11900,
3917,,,,,,T7,N,1,(+),(,11900,
3918,,,,,,T7,N,1,(+),(,11900,
3919,,,,,,T7,N,1,(+),(,11900,
3920,,,,,,T7,N,1,(+),(,11900,
3921,,,,,,T7,N,1,(+),(,11900,
3922,,,,,,T7,N,1,(+),(,11900,
3923,,,,,,T7,N,1,(+),(,11900,
3924,,,,,,T7,N,1,(+),(,11900,
3925,,,,,,T7,N,1,(+),(,11900,
3926,,,,,,T7,N,1,(+),(,11900,
3927,,,,,,T7,N,1,(+),(,11900,
3928,,,,,,T7,N,1,(+),(,11900,
3929,,,,,,T7,N,1,(+),(,11900,
3930,,,,,,T7,N,1,(+),(,11900,
3931,,,,,,T7,N,1,(+),(,11900,
3932,,,,,,T7,N,1,(+),(,11900,
3933,,,,,,T7,N,1,(+),(,11900,
3934,,,,,,T7,N,1,(+),(,11900,
3935,,,,,,T7,N,1,(+),(,11900,
3936,,,,,,T7,N,1,(+),(,11900,
3937,,,,,,T7,N,1,(+),(,11900,
3938,,,,,,T7,N,1,(+),(,11900,
3939,,,,,,T7,N,1,(+),(,11900,
3940,,,,,,T7,N,1,(+),(,11900,
3941,,,,,,T7,N,1,(+),(,11900,
3942,,,,,,T7,N,1,(+),(,11900,
3943,,,,,,T7,N,1,(+),(,11900,
3944,,,,,,T7,N,1,(+),(,11900,
3945,,,,,,T7,N,1,(+),(,11900,
3946,,,,,,T7,N,1,(+),(,11900,
3947,,,,,,T7,N,1,(+),(,11900,
3948,,,,,,T7,N,1,(+),(,11900,
3949,,,,,,T7,N,1,(+),(,11900,
3950,,,,,,T7,N,1,(+),(,11900,
3951,,,,,,T7,N,1,(+),(,11900,
3952,,,,,,T7,N,1,(+),(,11900,
3953,,,,,,T7,N,1,(+),(,11900,
3954,,,,,,T7,N,1,(+),(,11900,
3955,,,,,,T7,N,1,(+),(,11900,
3956,,,,,,T7,N,1,(+),(,11900,
3957,,,,,,T7,N,1,(+),(,11900,
3958,,,,,,T7,N,1,(+),(,11900,
3959,,,,,,T7,N,1,(+),(,11900,
3960,,,,,,T7,N,1,(+),(,11900,
3961,,,,,,T7,N,1,(+),(,11900,
3962,,,,,,T7,N,1,(+),(,11900,
3963,,,,,,T7,N,1,(+),(,11900,
3964,,,,,,T7,N,1,(+),(,11900,
3965,,,,,,T7,N,1,(+),(,11900,
3966,,,,,,T7,N,1,(+),(,11900,
3967,,,,,,T7,N,1,(+),(,11900,
3968,,,,,,T7,N,1,(+),(,11900,
3969,,,,,,T7,N,1,(+),(,11900,
3970,,,,,,T7,N,1,(+),(,11900,
3971,,,,,,T7,N,1,(+),(,11900,
3972,,,,,,T7,N,1,(+),(,11900,
3973,,,,,,T7,N,1,(+),(,11900,
3974,,,,,,T7,N,1,(+),(,11900,
3975,,,,,,T7,N,1,(+),(,11900,
3976,,,,,,T7,N,1,(+),(,11900,
3977,,,,,,T7,N,1,(+),(,11900,
3978,,,,,,T7,N,1,(+),(,11900,
3979,,,,,,T7,N,1,(+),(,11900,
3980,,,,,,T7,N,1,(+),(,11900,
3981,,,,,,T7,N,1,(+),(,11900,
3982,,,,,,T7,N,1,(+),(,11900,
3983,,,,,,T7,N,1,(+),(,11900,
3984,,,,,,T7,N,1,(+),(,11900,
3985,,,,,,T7,N,1,(+),(,11900,
3986,,,,,,T7,N,1,(+),(,11900,
3987,,,,,,T7,N,1,(+),(,11900,
3988,,,,,,T7,N,1,(+),(,11900,
3989,,,,,,T7,N,1,(+),(,11900,
3990,,,,,,T7,N,1,(+),(,11900,
3991,,,,,,T7,N,1,(+),(,11900,
3992,,,,,,T7,N,1,(+),(,11900,
3993,,,,,,T7,N,1,(+),(,11900,
3994,,,,,,T7,N,1,(+),(,11900,
3995,,,,,,T7,N,1,(+),(,11900,
3996,,,,,,T7,N,1,(+),(,11900,
3997,,,,,,T7,N,1,(+),(,11900,
3998,,,,,,T7,N,1,(+),(,11900,
3999,,,,,,T7,N,1,(+),(,11900,
4000,,,,,,T7,N,1,(+),(,11900,
4001,,,,,,T7,N,1,(+),(,11900,
4002,,,,,,T7,N,1,(+),(,11900,
4003,,,,,,T7,N,1,(+),(,11900,
4004,,,,,,T7,N,1,(+),(,11900,
4005,,,,,,T7,N,1,(+),(,11900,
4006,,,,,,T7,N,1,(+),(,11900,
4007,,,,,,T7,N,1,(+),(,11900,
4008,,,,,,T7,N,1,(+),(,11900,
4009,,,,,,T7,N,1,(+),(,11900,
4010,,,,,,T7,N,1,(+),(,11900,
4011,,,,,,T7,N,1,(+),(,11900,
4012,,,,,,T7,N,1,(+),(,11900,
4013,,,,,,T7,N,1,(+),(,11900,
4014,,,,,,T7,N,1,(+),(,11900,
4015,,,,,,T7,N,1,(+),(,11900,
4016,,,,,,T7,N,1,(+),(,11900,
4017,,,,,,T7,N,1,(+),(,11900,
4018,,,,,,T7,N,1,(+),(,11900,
4019,,,,,,T7,N,1,(+),(,11900,
4020,,,,,,T7,N,1,(+),(,11900,
4021,,,,,,T7,N,1,(+),(,11900,
4022,,,,,,T7,N,1,(+),(,11900,
4023,,,,,,T7,N,1,(+),(,11900,
4024,,,,,,T7,N,1,(+),(,11900,
4025,,,,,,T7,N,1,(+),(,11900,
4026,,,,,,T7,N,1,(+),(,11900,
4027,,,,,,T7,N,1,(+),(,11900,
4028,,,,,,T7,N,1,(+),(,11900,
4029,,,,,,T7,N,1,(+),(,11900,
4030,,,,,,T7,N,1,(+),(,11900,
4031,,,,,,T7,N,1,(+),(,11900,
4032,,,,,,T7,N,1,(+),(,11900,
4033,,,,,,T7,N,1,(+),(,11900,
4034,,,,,,T7,N,1,(+),(,11900,
4035,,,,,,T7,N,1,(+),(,11900,
4036,,,,,,T7,N,1,(+),(,11900,
4037,,,,,,T7,N,1,(+),(,11900,
4038,,,,,,T7,N,1,(+),(,11900,
4039,,,,,,T7,N,1,(+),(,11900,
4040,,,,,,T7,N,1,(+),(,11900,
4041,,,,,,T7,N,1,(+),(,11900,
4042,,,,,,T7,N,1,(+),(,11900,
4043,,,,,,T7,N,1,(+),(,11900,
4044,,,,,,T7,N,1,(+),(,11900,
4045,,,,,,T7,N,1,(+),(,11900,
4046,,,,,,T7,N,1,(+),(,11900,
4047,,,,,,T7,N,1,(+),(,11900,
4048,,,,,,T7,N,1,(+),(,11900,
4049,,,,,,T7,N,1,(+),(,11900,
4050,,,,,,T7,N,1,(+),(,11900,
4051,,,,,,T7,N,1,(+),(,11900,
4052,,,,,,T7,N,1,(+),(,11900,
4053,,,,,,T7,N,1,(+),(,11900,
4054,,,,,,T7,N,1,(+),(,11900,
4055,,,,,,T7,N,1,(+),(,11900,
4056,,,,,,T7,N,1,(+),(,11900,
4057,,,,,,T7,N,1,(+),(,11900,
4058,,,,,,T7,N,1,(+),(,11900,
4059,,,,,,T7,N,1,(+),(,11900,
4060,,,,,,T7,N,1,(+),(,11900,
4061,,,,,,T7,N,1,(+),(,11900,
4062,,,,,,T7,N,1,(+),(,11900,
4063,,,,,,T7,N,1,(+),(,11900,
4064,,,,,,T7,N,1,(+),(,11900,
4065,,,,,,T7,N,1,(+),(,11900,
4066,,,,,,T7,N,1,(+),(,11900,
4067,,,,,,T7,N,1,(+),(,11900,
4068,,,,,,T7,N,1,(+),(,11900,
4069,,,,,,T7,N,1,(+),(,11900,
4070,,,,,,T7,N,1,(+),(,11900,
4071,,,,,,T7,N,1,(+),(,11900,
4072,,,,,,T7,N,1,(+),(,11900,
4073,,,,,,T7,N,1,(+),(,11900,
4074,,,,,,T7,N,1,(+),(,11900,
4075,,,,,,T7,N,1,(+),(,11900,
4076,,,,,,T7,N,1,(+),(,11900,
4077,,,,,,T7,N,1,(+),(,11900,
4078,,,,,,T7,N,1,(+),(,11900,
4079,,,,,,T7,N,1,(+),(,11900,
4080,,,,,,T7,N,1,(+),(,11900,
4081,,,,,,T7,N,1,(+),(,11900,
4082,,,,,,T7,N,1,(+),(,11900,
4083,,,,,,T7,N,1,(+),(,11900,
4084,,,,,,T7,N,1,(+),(,11900,
4085,,,,,,T7,N,1,(+),(,11900,
4086,,,,,,T7,N,1,(+),(,11900,
4087,,,,,,T7,N,1,(+),(,11900,
4088,,,,,,T7,N,1,(+),(,11900,
4089,,,,,,T7,N,1,(+),(,11900,
4090,,,,,,T7,N,1,(+),(,11900,
4091,,,,,,T7,N,1,(+),(,11900,
4092,,,,,,T7,N,1,(+),(,11900,
4093,,,,,,T7,N,1,(+),(,11900,
4094,,,,,,T7,N,1,(+),(,11900,
4095,,,,,,T7,N,1,(+),(,11900,
4096,,,,,,T7,N,1,(+),(,11900,
4097,,,,,,T7,N,1,(+),(,11900,
4098,,,,,,T7,N,1,(+),(,11900,
4099,,,,,,T7,N,1,(+),(,11900,
4100,,,,,,T7,N,1,(+),(,11900,
4101,,,,,,T7,N,1,(+),(,11900,
4102,,,,,,T7,N,1,(+),(,11900,
4103,,,,,,T7,N,1,(+),(,11900,
4104,,,,,,T7,N,1,(+),(,11900,
4105,,,,,,T7,N,1,(+),(,11900,
4106,,,,,,T7,N,1,(+),(,11900,
4107,,,,,,T7,N,1,(+),(,11900,
4108,,,,,,T7,N,1,(+),(,11900,
4109,,,,,,T7,N,1,(+),(,11900,
4110,,,,,,T7,N,1,(+),(,11900,
4111,,,,,,T7,N,1,(+),(,11900,
4112,,,,,,T7,N,1,(+),(,11900,
4113,,,,,,T7,N,1,(+),(,11900,
4114,,,,,,T7,N,1,(+),(,11900,
4115,,,,,,T7,N,1,(+),(,11900,
4116,,,,,,T7,N,1,(+),(,11900,
4117,,,,,,T7,N,1,(+),(,11900,
4118,,,,,,T7,N,1,(+),(,11900,
4119,,,,,,T7,N,1,(+),(,11900,
4120,,,,,,T7,N,1,(+),(,11900,
4121,,,,,,T7,N,1,(+),(,11900,
4122,,,,,,T7,N,1,(+),(,11900,
4123,,,,,,T7,N,1,(+),(,11900,
4124,,,,,,T7,N,1,(+),(,11900,
4125,,,,,,T7,N,1,(+),(,11900,
4126,,,,,,T7,N,1,(+),(,11900,
4127,,,,,,T7,N,1,(+),(,11900,
4128,,,,,,T7,N,1,(+),(,11900,
4129,,,,,,T7,N,1,(+),(,11900,
4130,,,,,,T7,N,1,(+),(,11900,
4131,,,,,,T7,N,1,(+),(,11900,
4132,,,,,,T7,N,1,(+),(,11900,
4133,,,,,,T7,N,1,(+),(,11900,
4134,,,,,,T7,N,1,(+),(,11900,
4135,,,,,,T7,N,1,(+),(,11900,
4136,,,,,,T7,N,1,(+),(,11900,
4137,,,,,,T7,N,1,(+),(,11900,
4138,,,,,,T7,N,1,(+),(,11900,
4139,,,,,,T7,N,1,(+),(,11900,
4140,,,,,,T7,N,1,(+),(,11900,
4141,,,,,,T7,N,1,(+),(,11900,
4142,,,,,,T7,N,1,(+),(,11900,
4143,,,,,,T7,N,1,(+),(,11900,
4144,,,,,,T7,N,1,(+),(,11900,
4145,,,,,,T7,N,1,(+),(,11900,
4146,,,,,,T7,N,1,(+),(,11900,
4147,,,,,,T7,N,1,(+),(,11900,
4148,,,,,,T7,N,1,(+),(,11900,
4149,,,,,,T7,N,1,(+),(,11900,
4150,,,,,,T7,N,1,(+),(,11900,
4151,,,,,,T7,N,1,(+),(,11900,
4152,,,,,,T7,N,1,(+),(,11900,
4153,,,,,,T7,N,1,(+),(,11900,
4154,,,,,,T7,N,1,(+),(,11900,
4155,,,,,,T7,N,1,(+),(,11900,
4156,,,,,,T7,N,1,(+),(,11900,
4157,,,,,,T7,N,1,(+),(,11900,
4158,,,,,,T7,N,1,(+),(,11900,
4159,,,,,,T7,N,1,(+),(,11900,
4160,,,,,,T7,N,1,(+),(,11900,
4161,,,,,,T7,N,1,(+),(,11900,
4162,,,,,,T7,N,1,(+),(,11900,
4163,,,,,,T7,N,1,(+),(,11900,
4164,,,,,,T7,N,1,(+),(,11900,
4165,,,,,,T7,N,1,(+),(,11900,
4166,,,,,,T7,N,1,(+),(,11900,
4167,,,,,,T7,N,1,(+),(,11900,
4168,,,,,,T7,N,1,(+),(,11900,
4169,,,,,,T7,N,1,(+),(,11900,
4170,,,,,,T7,N,1,(+),(,11900,
4171,,,,,,T7,N,1,(+),(,11900,
4172,,,,,,T7,N,1,(+),(,11900,
4173,,,,,,T7,N,1,(+),(,11900,
4174,,,,,,T7,N,1,(+),(,11900,
4175,,,,,,T7,N,1,(+),(,11900,
4176,,,,,,T7,N,1,(+),(,11900,
4177,,,,,,T7,N,1,(+),(,11900,
4178,,,,,,T7,N,1,(+),(,11900,
4179,,,,,,T7,N,1,(+),(,11900,
4180,,,,,,T7,N,1,(+),(,11900,
4181,,,,,,T7,N,1,(+),(,11900,
4182,,,,,,T7,N,1,(+),(,11900,
4183,,,,,,T7,N,1,(+),(,11900,
4184,,,,,,T7,N,1,(+),(,11900,
4185,,,,,,T7,N,1,(+),(,11900,
4186,,,,,,T7,N,1,(+),(,11900,
4187,,,,,,T7,N,1,(+),(,11900,
4188,,,,,,T7,N,1,(+),(,11900,
4189,,,,,,T7,N,1,(+),(,11900,
4190,,,,,,T7,N,1,(+),(,11900,
4191,,,,,,T7,N,1,(+),(,11900,
4192,,,,,,T7,N,1,(+),(,11900,
4193,,,,,,T7,N,1,(+),(,11900,
4194,,,,,,T7,N,1,(+),(,11900,
4195,,,,,,T7,N,1,(+),(,11900,
4196,,,,,,T7,N,1,(+),(,11900,
4197,,,,,,T7,N,1,(+),(,11900,
4198,,,,,,T7,N,1,(+),(,11900,
4199,,,,,,T7,N,1,(+),(,11900,
4200,,,,,,T7,N,1,(+),(,11900,
4201,,,,,,T7,N,1,(+),(,11900,
4202,,,,,,T7,N,1,(+),(,11900,
4203,,,,,,T7,N,1,(+),(,11900,
4204,,,,,,T7,N,1,(+),(,11900,
4205,,,,,,T7,N,1,(+),(,11900,
4206,,,,,,T7,N,1,(+),(,11900,
4207,,,,,,T7,N,1,(+),(,11900,
4208,,,,,,T7,N,1,(+),(,11900,
4209,,,,,,T7,N,1,(+),(,11900,
4210,,,,,,T7,N,1,(+),(,11900,
4211,,,,,,T7,N,1,(+),(,11900,
4212,,,,,,T7,N,1,(+),(,11900,
4213,,,,,,T7,N,1,(+),(,11900,
4214,,,,,,T7,N,1,(+),(,11900,
4215,,,,,,T7,N,1,(+),(,11900,
4216,,,,,,T7,N,1,(+),(,11900,
4217,,,,,,T7,N,1,(+),(,11900,
4218,,,,,,T7,N,1,(+),(,11900,
4219,,,,,,T7,N,1,(+),(,11900,
4220,,,,,,T7,N,1,(+),(,11900,
4221,,,,,,T7,N,1,(+),(,11900,
4222,,,,,,T7,N,1,(+),(,11900,
4223,,,,,,T7,N,1,(+),(,11900,
4224,,,,,,T7,N,1,(+),(,11900,
4225,,,,,,T7,N,1,(+),(,11900,
4226,,,,,,T7,N,1,(+),(,11900,
4227,,,,,,T7,N,1,(+),(,11900,
4228,,,,,,T7,N,1,(+),(,11900,
4229,,,,,,T7,N,1,(+),(,11900,
4230,,,,,,T7,N,1,(+),(,11900,
4231,,,,,,T7,N,1,(+),(,11900,
4232,,,,,,T7,N,1,(+),(,11900,
4233,,,,,,T7,N,1,(+),(,11900,
4234,,,,,,T7,N,1,(+),(,11900,
4235,,,,,,T7,N,1,(+),(,11900,
4236,,,,,,T7,N,1,(+),(,11900,
4237,,,,,,T7,N,1,(+),(,11900,
4238,,,,,,T7,N,1,(+),(,11900,
4239,,,,,,T7,N,1,(+),(,11900,
4240,,,,,,T7,N,1,(+),(,11900,
4241,,,,,,T7,N,1,(+),(,11900,
4242,,,,,,T7,N,1,(+),(,11900,
4243,,,,,,T7,N,1,(+),(,11900,
4244,,,,,,T7,N,1,(+),(,11900,
4245,,,,,,T7,N,1,(+),(,11900,
4246,,,,,,T7,N,1,(+),(,11900,
4247,,,,,,T7,N,1,(+),(,11900,
4248,,,,,,T7,N,1,(+),(,11900,
4249,,,,,,T7,N,1,(+),(,11900,
4250,,,,,,T7,N,1,(+),(,11900,
4251,,,,,,T7,N,1,(+),(,11900,
4252,,,,,,T7,N,1,(+),(,11900,
4253,,,,,,T7,N,1,(+),(,11900,
4254,,,,,,T7,N,1,(+),(,11900,
4255,,,,,,T7,N,1,(+),(,11900,
4256,,,,,,T7,N,1,(+),(,11900,
4257,,,,,,T7,N,1,(+),(,11900,
4258,,,,,,T7,N,1,(+),(,11900,
4259,,,,,,T7,N,1,(+),(,11900,
4260,,,,,,T7,N,1,(+),(,11900,
4261,,,,,,T7,N,1,(+),(,11900,
4262,,,,,,T7,N,1,(+),(,11900,
4263,,,,,,T7,N,1,(+),(,11900,
4264,,,,,,T7,N,1,(+),(,11900,
4265,,,,,,T7,N,1,(+),(,11900,
4266,,,,,,T7,N,1,(+),(,11900,
4267,,,,,,T7,N,1,(+),(,11900,
4268,,,,,,T7,N,1,(+),(,11900,
4269,,,,,,T7,N,1,(+),(,11900,
4270,,,,,,T7,N,1,(+),(,11900,
4271,,,,,,T7,N,1,(+),(,11900,
4272,,,,,,T7,N,1,(+),(,11900,
4273,,,,,,T7,N,1,(+),(,11900,
4274,,,,,,T7,N,1,(+),(,11900,
4275,,,,,,T7,N,1,(+),(,11900,
4276,,,,,,T7,N,1,(+),(,11900,
4277,,,,,,T7,N,1,(+),(,11900,
4278,,,,,,T7,N,1,(+),(,11900,
4279,,,,,,T7,N,1,(+),(,11900,
4280,,,,,,T7,N,1,(+),(,11900,
4281,,,,,,T7,N,1,(+),(,11900,
4282,,,,,,T7,N,1,(+),(,11900,
4283,,,,,,T7,N,1,(+),(,11900,
4284,,,,,,T7,N,1,(+),(,11900,
4285,,,,,,T7,N,1,(+),(,11900,
4286,,,,,,T7,N,1,(+),(,11900,
4287,,,,,,T7,N,1,(+),(,11900,
4288,,,,,,T7,N,1,(+),(,11900,
4289,,,,,,T7,N,1,(+),(,11900,
4290,,,,,,T7,N,1,(+),(,11900,
4291,,,,,,T7,N,1,(+),(,11900,
4292,,,,,,T7,N,1,(+),(,11900,
4293,,,,,,T7,N,1,(+),(,11900,
4294,,,,,,T7,N,1,(+),(,11900,
4295,,,,,,T7,N,1,(+),(,11900,
4296,,,,,,T7,N,1,(+),(,11900,
4297,,,,,,T7,N,1,(+),(,11900,
4298,,,,,,T7,N,1,(+),(,11900,
4299,,,,,,T7,N,1,(+),(,11900,
4300,,,,,,T7,N,1,(+),(,11900,
4301,,,,,,T7,N,1,(+),(,11900,
4302,,,,,,T7,N,1,(+),(,11900,
4303,,,,,,T7,N,1,(+),(,11900,
4304,,,,,,T7,N,1,(+),(,11900,
4305,,,,,,T7,N,1,(+),(,11900,
4306,,,,,,T7,N,1,(+),(,11900,
4307,,,,,,T7,N,1,(+),(,11900,
4308,,,,,,T7,N,1,(+),(,11900,
4309,,,,,,T7,N,1,(+),(,11900,
4310,,,,,,T7,N,1,(+),(,11900,
4311,,,,,,T7,N,1,(+),(,11900,
4312,,,,,,T7,N,1,(+),(,11900,
4313,,,,,,T7,N,1,(+),(,11900,
4314,,,,,,T7,N,1,(+),(,11900,
4315,,,,,,T7,N,1,(+),(,11900,
4316,,,,,,T7,N,1,(+),(,11900,
4317,,,,,,T7,N,1,(+),(,11900,
4318,,,,,,T7,N,1,(+),(,11900,
4319,,,,,,T7,N,1,(+),(,11900,
4320,,,,,,T7,N,1,(+),(,11900,
4321,,,,,,T7,N,1,(+),(,11900,
4322,,,,,,T7,N,1,(+),(,11900,
4323,,,,,,T7,N,1,(+),(,11900,
4324,,,,,,T7,N,1,(+),(,11900,
4325,,,,,,T7,N,1,(+),(,11900,
4326,,,,,,T7,N,1,(+),(,11900,
4327,,,,,,T7,N,1,(+),(,11900,
4328,,,,,,T7,N,1,(+),(,11900,
4329,,,,,,T7,N,1,(+),(,11900,
4330,,,,,,T7,N,1,(+),(,11900,
4331,,,,,,T7,N,1,(+),(,11900,
4332,,,,,,T7,N,1,(+),(,11900,
4333,,,,,,T7,N,1,(+),(,11900,
4334,,,,,,T7,N,1,(+),(,11900,
4335,,,,,,T7,N,1,(+),(,11900,
4336,,,,,,T7,N,1,(+),(,11900,
4337,,,,,,T7,N,1,(+),(,11900,
4338,,,,,,T7,N,1,(+),(,11900,
4339,,,,,,T7,N,1,(+),(,11900,
4340,,,,,,T7,N,1,(+),(,11900,
4341,,,,,,T7,N,1,(+),(,11900,
4342,,,,,,T7,N,1,(+),(,11900,
4343,,,,,,T7,N,1,(+),(,11900,
4344,,,,,,T7,N,1,(+),(,11900,
4345,,,,,,T7,N,1,(+),(,11900,
4346,,,,,,T7,N,1,(+),(,11900,
4347,,,,,,T7,N,1,(+),(,11900,
4348,,,,,,T7,N,1,(+),(,11900,
4349,,,,,,T7,N,1,(+),(,11900,
4350,,,,,,T7,N,1,(+),(,11900,
4351,,,,,,T7,N,1,(+),(,11900,
4352,,,,,,T7,N,1,(+),(,11900,
4353,,,,,,T7,N,1,(+),(,11900,
4354,,,,,,T7,N,1,(+),(,11900,
4355,,,,,,T7,N,1,(+),(,11900,
4356,,,,,,T7,N,1,(+),(,11900,
4357,,,,,,T7,N,1,(+),(,11900,
4358,,,,,,T7,N,1,(+),(,11900,
4359,,,,,,T7,N,1,(+),(,11900,
4360,,,,,,T7,N,1,(+),(,11900,
4361,,,,,,T7,N,1,(+),(,11900,
4362,,,,,,T7,N,1,(+),(,11900,
4363,,,,,,T7,N,1,(+),(,11900,
4364,,,,,,T7,N,1,(+),(,11900,
4365,,,,,,T7,N,1,(+),(,11900,
4366,,,,,,T7,N,1,(+),(,11900,
4367,,,,,,T7,N,1,(+),(,11900,
4368,,,,,,T7,N,1,(+),(,11900,
4369,,,,,,T7,N,1,(+),(,11900,
4370,,,,,,T7,N,1,(+),(,11900,
4371,,,,,,T7,N,1,(+),(,11900,
4372,,,,,,T7,N,1,(+),(,11900,
4373,,,,,,T7,N,1,(+),(,11900,
4374,,,,,,T7,N,1,(+),(,11900,
4375,,,,,,T7,N,1,(+),(,11900,
4376,,,,,,T7,N,1,(+),(,11900,
4377,,,,,,T7,N,1,(+),(,11900,
4378,,,,,,T7,N,1,(+),(,11900,
4379,,,,,,T7,N,1,(+),(,11900,
4380,,,,,,T7,N,1,(+),(,11900,
4381,,,,,,T7,N,1,(+),(,11900,
4382,,,,,,T7,N,1,(+),(,11900,
4383,,,,,,T7,N,1,(+),(,11900,
4384,,,,,,T7,N,1,(+),(,11900,
4385,,,,,,T7,N,1,(+),(,11900,
4386,,,,,,T7,N,1,(+),(,11900,
4387,,,,,,T7,N,1,(+),(,11900,
4388,,,,,,T7,N,1,(+),(,11900,
4389,,,,,,T7,N,1,(+),(,11900,
4390,,,,,,T7,N,1,(+),(,11900,
4391,,,,,,T7,N,1,(+),(,11900,
4392,,,,,,T7,N,1,(+),(,11900,
4393,,,,,,T7,N,1,(+),(,11900,
4394,,,,,,T7,N,1,(+),(,11900,
4395,,,,,,T7,N,1,(+),(,11900,
4396,,,,,,T7,N,1,(+),(,11900,
4397,,,,,,T7,N,1,(+),(,11900,
4398,,,,,,T7,N,1,(+),(,11900,
4399,,,,,,T7,N,1,(+),(,11900,
4400,,,,,,T7,N,1,(+),(,11900,
4401,,,,,,T7,N,1,(+),(,11900,
4402,,,,,,T7,N,1,(+),(,11900,
4403,,,,,,T7,N,1,(+),(,11900,
4404,,,,,,T7,N,1,(+),(,11900,
4405,,,,,,T7,N,1,(+),(,11900,
4406,,,,,,T7,N,1,(+),(,11900,
4407,,,,,,T7,N,1,(+),(,11900,
4408,,,,,,T7,N,1,(+),(,11900,
4409,,,,,,T7,N,1,(+),(,11900,
4410,,,,,,T7,N,1,(+),(,11900,
4411,,,,,,T7,N,1,(+),(,11900,
4412,,,,,,T7,N,1,(+),(,11900,
4413,,,,,,T7,N,1,(+),(,11900,
4414,,,,,,T7,N,1,(+),(,11900,
4415,,,,,,T7,N,1,(+),(,11900,
4416,,,,,,T7,N,1,(+),(,11900,
4417,,,,,,T7,N,1,(+),(,11900,
4418,,,,,,T7,N,1,(+),(,11900,
4419,,,,,,T7,N,1,(+),(,11900,
4420,,,,,,T7,N,1,(+),(,11900,
4421,,,,,,T7,N,1,(+),(,11900,
4422,,,,,,T7,N,1,(+),(,11900,
4423,,,,,,T7,N,1,(+),(,11900,
4424,,,,,,T7,N,1,(+),(,11900,
4425,,,,,,T7,N,1,(+),(,11900,
4426,,,,,,T7,N,1,(+),(,11900,
4427,,,,,,T7,N,1,(+),(,11900,
4428,,,,,,T7,N,1,(+),(,11900,
4429,,,,,,T7,N,1,(+),(,11900,
4430,,,,,,T7,N,1,(+),(,11900,
4431,,,,,,T7,N,1,(+),(,11900,
4432,,,,,,T7,N,1,(+),(,11900,
4433,,,,,,T7,N,1,(+),(,11900,
4434,,,,,,T7,N,1,(+),(,11900,
4435,,,,,,T7,N,1,(+),(,11900,
4436,,,,,,T7,N,1,(+),(,11900,
4437,,,,,,T7,N,1,(+),(,11900,
4438,,,,,,T7,N,1,(+),(,11900,
4439,,,,,,T7,N,1,(+),(,11900,
4440,,,,,,T7,N,1,(+),(,11900,
4441,,,,,,T7,N,1,(+),(,11900,
4442,,,,,,T7,N,1,(+),(,11900,
4443,,,,,,T7,N,1,(+),(,11900,
4444,,,,,,T7,N,1,(+),(,11900,
4445,,,,,,T7,N,1,(+),(,11900,
4446,,,,,,T7,N,1,(+),(,11900,
4447,,,,,,T7,N,1,(+),(,11900,
4448,,,,,,T7,N,1,(+),(,11900,
4449,,,,,,T7,N,1,(+),(,11900,
4450,,,,,,T7,N,1,(+),(,11900,
4451,,,,,,T7,N,1,(+),(,11900,
4452,,,,,,T7,N,1,(+),(,11900,
4453,,,,,,T7,N,1,(+),(,11900,
4454,,,,,,T7,N,1,(+),(,11900,
4455,,,,,,T7,N,1,(+),(,11900,
4456,,,,,,T7,N,1,(+),(,11900,
4457,,,,,,T7,N,1,(+),(,11900,
4458,,,,,,T7,N,1,(+),(,11900,
4459,,,,,,T7,N,1,(+),(,11900,
4460,,,,,,T7,N,1,(+),(,11900,
4461,,,,,,T7,N,1,(+),(,11900,
4462,,,,,,T7,N,1,(+),(,11900,
4463,,,,,,T7,N,1,(+),(,11900,
4464,,,,,,T7,N,1,(+),(,11900,
4465,,,,,,T7,N,1,(+),(,11900,
4466,,,,,,T7,N,1,(+),(,11900,
4467,,,,,,T7,N,1,(+),(,11900,
4468,,,,,,T7,N,1,(+),(,11900,
4469,,,,,,T7,N,1,(+),(,11900,
4470,,,,,,T7,N,1,(+),(,11900,
4471,,,,,,T7,N,1,(+),(,11900,
4472,,,,,,T7,N,1,(+),(,11900,
4473,,,,,,T7,N,1,(+),(,11900,
4474,,,,,,T7,N,1,(+),(,11900,
4475,,,,,,T7,N,1,(+),(,11900,
4476,,,,,,T7,N,1,(+),(,11900,
4477,,,,,,T7,N,1,(+),(,11900,
4478,,,,,,T7,N,1,(+),(,11900,
4479,,,,,,T7,N,1,(+),(,11900,
4480,,,,,,T7,N,1,(+),(,11900,
4481,,,,,,T7,N,1,(+),(,11900,
4482,,,,,,T7,N,1,(+),(,11900,
4483,,,,,,T7,N,1,(+),(,11900,
4484,,,,,,T7,N,1,(+),(,11900,
4485,,,,,,T7,N,1,(+),(,11900,
4486,,,,,,T7,N,1,(+),(,11900,
4487,,,,,,T7,N,1,(+),(,11900,
4488,,,,,,T7,N,1,(+),(,11900,
4489,,,,,,T7,N,1,(+),(,11900,
4490,,,,,,T7,N,1,(+),(,11900,
4491,,,,,,T7,N,1,(+),(,11900,
4492,,,,,,T7,N,1,(+),(,11900,
4493,,,,,,T7,N,1,(+),(,11900,
4494,,,,,,T7,N,1,(+),(,11900,
4495,,,,,,T7,N,1,(+),(,11900,
4496,,,,,,T7,N,1,(+),(,11900,
4497,,,,,,T7,N,1,(+),(,11900,
4498,,,,,,T7,N,1,(+),(,11900,
4499,,,,,,T7,N,1,(+),(,11900,
4500,,,,,,T7,N,1,(+),(,11900,
4501,,,,,,T7,N,1,(+),(,11900,
4502,,,,,,T7,N,1,(+),(,11900,
4503,,,,,,T7,N,1,(+),(,11900,
4504,,,,,,T7,N,1,(+),(,11900,
4505,,,,,,T7,N,1,(+),(,11900,
4506,,,,,,T7,N,1,(+),(,11900,
4507,,,,,,T7,N,1,(+),(,11900,
4508,,,,,,T7,N,1,(+),(,11900,
4509,,,,,,T7,N,1,(+),(,11900,
4510,,,,,,T7,N,1,(+),(,11900,
4511,,,,,,T7,N,1,(+),(,11900,
4512,,,,,,T7,N,1,(+),(,11900,
4513,,,,,,T7,N,1,(+),(,11900,
4514,,,,,,T7,N,1,(+),(,11900,
4515,,,,,,T7,N,1,(+),(,11900,
4516,,,,,,T7,N,1,(+),(,11900,
4517,,,,,,T7,N,1,(+),(,11900,
4518,,,,,,T7,N,1,(+),(,11900,
4519,,,,,,T7,N,1,(+),(,11900,
4520,,,,,,T7,N,1,(+),(,11900,
4521,,,,,,T7,N,1,(+),(,11900,
4522,,,,,,T7,N,1,(+),(,11900,
4523,,,,,,T7,N,1,(+),(,11900,
4524,,,,,,T7,N,1,(+),(,11900,
4525,,,,,,T7,N,1,(+),(,11900,
4526,,,,,,T7,N,1,(+),(,11900,
4527,,,,,,T7,N,1,(+),(,11900,
4528,,,,,,T7,N,1,(+),(,11900,
4529,,,,,,T7,N,1,(+),(,11900,
4530,,,,,,T7,N,1,(+),(,11900,
4531,,,,,,T7,N,1,(+),(,11900,
4532,,,,,,T7,N,1,(+),(,11900,
4533,,,,,,T7,N,1,(+),(,11900,
4534,,,,,,T7,N,1,(+),(,11900,
4535,,,,,,T7,N,1,(+),(,11900,
4536,,,,,,T7,N,1,(+),(,11900,
4537,,,,,,T7,N,1,(+),(,11900,
4538,,,,,,T7,N,1,(+),(,11900,
4539,,,,,,T7,N,1,(+),(,11900,
4540,,,,,,T7,N,1,(+),(,11900,
4541,,,,,,T7,N,1,(+),(,11900,
4542,,,,,,T7,N,1,(+),(,11900,
4543,,,,,,T7,N,1,(+),(,11900,
4544,,,,,,T7,N,1,(+),(,11900,
4545,,,,,,T7,N,1,(+),(,11900,
4546,,,,,,T7,N,1,(+),(,11900,
4547,,,,,,T7,N,1,(+),(,11900,
4548,,,,,,T7,N,1,(+),(,11900,
4549,,,,,,T7,N,1,(+),(,11900,
4550,,,,,,T7,N,1,(+),(,11900,
4551,,,,,,T7,N,1,(+),(,11900,
4552,,,,,,T7,N,1,(+),(,11900,
4553,,,,,,T7,N,1,(+),(,11900,
4554,,,,,,T7,N,1,(+),(,11900,
4555,,,,,,T7,N,1,(+),(,11900,
4556,,,,,,T7,N,1,(+),(,11900,
4557,,,,,,T7,N,1,(+),(,11900,
4558,,,,,,T7,N,1,(+),(,11900,
4559,,,,,,T7,N,1,(+),(,11900,
4560,,,,,,T7,N,1,(+),(,11900,
4561,,,,,,T7,N,1,(+),(,11900,
4562,,,,,,T7,N,1,(+),(,11900,
4563,,,,,,T7,N,1,(+),(,11900,
4564,,,,,,T7,N,1,(+),(,11900,
4565,,,,,,T7,N,1,(+),(,11900,
4566,,,,,,T7,N,1,(+),(,11900,
4567,,,,,,T7,N,1,(+),(,11900,
4568,,,,,,T7,N,1,(+),(,11900,
4569,,,,,,T7,N,1,(+),(,11900,
4570,,,,,,T7,N,1,(+),(,11900,
4571,,,,,,T7,N,1,(+),(,11900,
4572,,,,,,T7,N,1,(+),(,11900,
4573,,,,,,T7,N,1,(+),(,11900,
4574,,,,,,T7,N,1,(+),(,11900,
4575,,,,,,T7,N,1,(+),(,11900,
4576,,,,,,T7,N,1,(+),(,11900,
4577,,,,,,T7,N,1,(+),(,11900,
4578,,,,,,T7,N,1,(+),(,11900,
4579,,,,,,T7,N,1,(+),(,11900,
4580,,,,,,T7,N,1,(+),(,11900,
4581,,,,,,T7,N,1,(+),(,11900,
4582,,,,,,T7,N,1,(+),(,11900,
4583,,,,,,T7,N,1,(+),(,11900,
4584,,,,,,T7,N,1,(+),(,11900,
4585,,,,,,T7,N,1,(+),(,11900,
4586,,,,,,T7,N,1,(+),(,11900,
4587,,,,,,T7,N,1,(+),(,11900,
4588,,,,,,T7,N,1,(+),(,11900,
4589,,,,,,T7,N,1,(+),(,11900,
4590,,,,,,T7,N,1,(+),(,11900,
4591,,,,,,T7,N,1,(+),(,11900,
4592,,,,,,T7,N,1,(+),(,11900,
4593,,,,,,T7,N,1,(+),(,11900,
4594,,,,,,T7,N,1,(+),(,11900,
4595,,,,,,T7,N,1,(+),(,11900,
4596,,,,,,T7,N,1,(+),(,11900,
4597,,,,,,T7,N,1,(+),(,11900,
4598,,,,,,T7,N,1,(+),(,11900,
4599,,,,,,T7,N,1,(+),(,11900,
4600,,,,,,T7,N,1,(+),(,11900,
4601,,,,,,T7,N,1,(+),(,11900,
4602,,,,,,T7,N,1,(+),(,11900,
4603,,,,,,T7,N,1,(+),(,11900,
4604,,,,,,T7,N,1,(+),(,11900,
4605,,,,,,T7,N,1,(+),(,11900,
4606,,,,,,T7,N,1,(+),(,11900,
4607,,,,,,T7,N,1,(+),(,11900,
4608,,,,,,T7,N,1,(+),(,11900,
4609,,,,,,T7,N,1,(+),(,11900,
4610,,,,,,T7,N,1,(+),(,11900,
4611,,,,,,T7,N,1,(+),(,11900,
4612,,,,,,T7,N,1,(+),(,11900,
4613,,,,,,T7,N,1,(+),(,11900,
4614,,,,,,T7,N,1,(+),(,11900,
4615,,,,,,T7,N,1,(+),(,11900,
4616,,,,,,T7,N,1,(+),(,11900,
4617,,,,,,T7,N,1,(+),(,11900,
4618,,,,,,T7,N,1,(+),(,11900,
4619,,,,,,T7,N,1,(+),(,11900,
4620,,,,,,T7,N,1,(+),(,11900,
4621,,,,,,T7,N,1,(+),(,11900,
4622,,,,,,T7,N,1,(+),(,11900,
4623,,,,,,T7,N,1,(+),(,11900,
4624,,,,,,T7,N,1,(+),(,11900,
4625,,,,,,T7,N,1,(+),(,11900,
4626,,,,,,T7,N,1,(+),(,11900,
4627,,,,,,T7,N,1,(+),(,11900,
4628,,,,,,T7,N,1,(+),(,11900,
4629,,,,,,T7,N,1,(+),(,11900,
4630,,,,,,T7,N,1,(+),(,11900,
4631,,,,,,T7,N,1,(+),(,11900,
4632,,,,,,T7,N,1,(+),(,11900,
4633,,,,,,T7,N,1,(+),(,11900,
4634,,,,,,T7,N,1,(+),(,11900,
4635,,,,,,T7,N,1,(+),(,11900,
4636,,,,,,T7,N,1,(+),(,11900,
4637,,,,,,T7,N,1,(+),(,11900,
4638,,,,,,T7,N,1,(+),(,11900,
4639,,,,,,T7,N,1,(+),(,11900,
4640,,,,,,T7,N,1,(+),(,11900,
4641,,,,,,T7,N,1,(+),(,11900,
4642,,,,,,T7,N,1,(+),(,11900,
4643,,,,,,T7,N,1,(+),(,11900,
4644,,,,,,T7,N,1,(+),(,11900,
4645,,,,,,T7,N,1,(+),(,11900,
4646,,,,,,T7,N,1,(+),(,11900,
4647,,,,,,T7,N,1,(+),(,11900,
4648,,,,,,T7,N,1,(+),(,11900,
4649,,,,,,T7,N,1,(+),(,11900,
4650,,,,,,T7,N,1,(+),(,11900,
4651,,,,,,T7,N,1,(+),(,11900,
4652,,,,,,T7,N,1,(+),(,11900,
4653,,,,,,T7,N,1,(+),(,11900,
4654,,,,,,T7,N,1,(+),(,11900,
4655,,,,,,T7,N,1,(+),(,11900,
4656,,,,,,T7,N,1,(+),(,11900,
4657,,,,,,T7,N,1,(+),(,11900,
4658,,,,,,T7,N,1,(+),(,11900,
4659,,,,,,T7,N,1,(+),(,11900,
4660,,,,,,T7,N,1,(+),(,11900,
4661,,,,,,T7,N,1,(+),(,11900,
4662,,,,,,T7,N,1,(+),(,11900,
4663,,,,,,T7,N,1,(+),(,11900,
4664,,,,,,T7,N,1,(+),(,11900,
4665,,,,,,T7,N,1,(+),(,11900,
4666,,,,,,T7,N,1,(+),(,11900,
4667,,,,,,T7,N,1,(+),(,11900,
4668,,,,,,T7,N,1,(+),(,11900,
4669,,,,,,T7,N,1,(+),(,11900,
4670,,,,,,T7,N,1,(+),(,11900,
4671,,,,,,T7,N,1,(+),(,11900,
4672,,,,,,T7,N,1,(+),(,11900,
4673,,,,,,T7,N,1,(+),(,11900,
4674,,,,,,T7,N,1,(+),(,11900,
4675,,,,,,T7,N,1,(+),(,11900,
4676,,,,,,T7,N,1,(+),(,11900,
4677,,,,,,T7,N,1,(+),(,11900,
4678,,,,,,T7,N,1,(+),(,11900,
4679,,,,,,T7,N,1,(+),(,11900,
4680,,,,,,T7,N,1,(+),(,11900,
4681,,,,,,T7,N,1,(+),(,11900,
4682,,,,,,T7,N,1,(+),(,11900,
4683,,,,,,T7,N,1,(+),(,11900,
4684,,,,,,T7,N,1,(+),(,11900,
4685,,,,,,T7,N,1,(+),(,11900,
4686,,,,,,T7,N,1,(+),(,11900,
4687,,,,,,T7,N,1,(+),(,11900,
4688,,,,,,T7,N,1,(+),(,11900,
4689,,,,,,T7,N,1,(+),(,11900,
4690,,,,,,T7,N,1,(+),(,11900,
4691,,,,,,T7,N,1,(+),(,11900,
4692,,,,,,T7,N,1,(+),(,11900,
4693,,,,,,T7,N,1,(+),(,11900,
4694,,,,,,T7,N,1,(+),(,11900,
4695,,,,,,T7,N,1,(+),(,11900,
4696,,,,,,T7,N,1,(+),(,11900,
4697,,,,,,T7,N,1,(+),(,11900,
4698,,,,,,T7,N,1,(+),(,11900,
4699,,,,,,T7,N,1,(+),(,11900,
4700,,,,,,T7,N,1,(+),(,11900,
4701,,,,,,T7,N,1,(+),(,11900,
4702,,,,,,T7,N,1,(+),(,11900,
4703,,,,,,T7,N,1,(+),(,11900,
4704,,,,,,T7,N,1,(+),(,11900,
4705,,,,,,T7,N,1,(+),(,11900,
4706,,,,,,T7,N,1,(+),(,11900,
4707,,,,,,T7,N,1,(+),(,11900,
4708,,,,,,T7,N,1,(+),(,11900,
4709,,,,,,T7,N,1,(+),(,11900,
4710,,,,,,T7,N,1,(+),(,11900,
4711,,,,,,T7,N,1,(+),(,11900,
4712,,,,,,T7,N,1,(+),(,11900,
4713,,,,,,T7,N,1,(+),(,11900,
4714,,,,,,T7,N,1,(+),(,11900,
4715,,,,,,T7,N,1,(+),(,11900,
4716,,,,,,T7,N,1,(+),(,11900,
4717,,,,,,T7,N,1,(+),(,11900,
4718,,,,,,T7,N,1,(+),(,11900,
4719,,,,,,T7,N,1,(+),(,11900,
4720,,,,,,T7,N,1,(+),(,11900,
4721,,,,,,T7,N,1,(+),(,11900,
4722,,,,,,T7,N,1,(+),(,11900,
4723,,,,,,T7,N,1,(+),(,11900,
4724,,,,,,T7,N,1,(+),(,11900,
4725,,,,,,T7,N,1,(+),(,11900,
4726,,,,,,T7,N,1,(+),(,11900,
4727,,,,,,T7,N,1,(+),(,11900,
4728,,,,,,T7,N,1,(+),(,11900,
4729,,,,,,T7,N,1,(+),(,11900,
4730,,,,,,T7,N,1,(+),(,11900,
4731,,,,,,T7,N,1,(+),(,11900,
4732,,,,,,T7,N,1,(+),(,11900,
4733,,,,,,T7,N,1,(+),(,11900,
4734,,,,,,T7,N,1,(+),(,11900,
4735,,,,,,T7,N,1,(+),(,11900,
4736,,,,,,T7,N,1,(+),(,11900,
4737,,,,,,T7,N,1,(+),(,11900,
4738,,,,,,T7,N,1,(+),(,11900,
4739,,,,,,T7,N,1,(+),(,11900,
4740,,,,,,T7,N,1,(+),(,11900,
4741,,,,,,T7,N,1,(+),(,11900,
4742,,,,,,T7,N,1,(+),(,11900,
4743,,,,,,T7,N,1,(+),(,11900,
4744,,,,,,T7,N,1,(+),(,11900,
4745,,,,,,T7,N,1,(+),(,11900,
4746,,,,,,T7,N,1,(+),(,11900,
4747,,,,,,T7,N,1,(+),(,11900,
4748,,,,,,T7,N,1,(+),(,11900,
4749,,,,,,T7,N,1,(+),(,11900,
4750,,,,,,T7,N,1,(+),(,11900,
4751,,,,,,T7,N,1,(+),(,11900,
4752,,,,,,T7,N,1,(+),(,11900,
4753,,,,,,T7,N,1,(+),(,11900,
4754,,,,,,T7,N,1,(+),(,11900,
4755,,,,,,T7,N,1,(+),(,11900,
4756,,,,,,T7,N,1,(+),(,11900,
4757,,,,,,T7,N,1,(+),(,11900,
4758,,,,,,T7,N,1,(+),(,11900,
4759,,,,,,T7,N,1,(+),(,11900,
4760,,,,,,T7,N,1,(+),(,11900,
4761,,,,,,T7,N,1,(+),(,11900,
4762,,,,,,T7,N,1,(+),(,11900,
4763,,,,,,T7,N,1,(+),(,11900,
4764,,,,,,T7,N,1,(+),(,11900,
4765,,,,,,T7,N,1,(+),(,11900,
4766,,,,,,T7,N,1,(+),(,11900,
4767,,,,,,T7,N,1,(+),(,11900,
4768,,,,,,T7,N,1,(+),(,11900,
4769,,,,,,T7,N,1,(+),(,11900,
4770,,,,,,T7,N,1,(+),(,11900,
4771,,,,,,T7,N,1,(+),(,11900,
4772,,,,,,T7,N,1,(+),(,11900,
4773,,,,,,T7,N,1,(+),(,11900,
4774,,,,,,T7,N,1,(+),(,11900,
4775,,,,,,T7,N,1,(+),(,11900,
4776,,,,,,T7,N,1,(+),(,11900,
4777,,,,,,T7,N,1,(+),(,11900,
4778,,,,,,T7,N,1,(+),(,11900,
4779,,,,,,T7,N,1,(+),(,11900,
4780,,,,,,T7,N,1,(+),(,11900,
4781,,,,,,T7,N,1,(+),(,11900,
4782,,,,,,T7,N,1,(+),(,11900,
4783,,,,,,T7,N,1,(+),(,11900,
4784,,,,,,T7,N,1,(+),(,11900,
4785,,,,,,T7,N,1,(+),(,11900,
4786,,,,,,T7,N,1,(+),(,11900,
4787,,,,,,T7,N,1,(+),(,11900,
4788,,,,,,T7,N,1,(+),(,11900,
4789,,,,,,T7,N,1,(+),(,11900,
4790,,,,,,T7,N,1,(+),(,11900,
4791,,,,,,T7,N,1,(+),(,11900,
4792,,,,,,T7,N,1,(+),(,11900,
4793,,,,,,T7,N,1,(+),(,11900,
4794,,,,,,T7,N,1,(+),(,11900,
4795,,,,,,T7,N,1,(+),(,11900,
4796,,,,,,T7,N,1,(+),(,11900,
4797,,,,,,T7,N,1,(+),(,11900,
4798,,,,,,T7,N,1,(+),(,11900,
4799,,,,,,T7,N,1,(+),(,11900,
4800,,,,,,T7,N,1,(+),(,11900,
4801,,,,,,T7,N,1,(+),(,11900,
4802,,,,,,T7,N,1,(+),(,11900,
4803,,,,,,T7,N,1,(+),(,11900,
4804,,,,,,T7,N,1,(+),(,11900,
4805,,,,,,T7,N,1,(+),(,11900,
4806,,,,,,T7,N,1,(+),(,11900,
4807,,,,,,T7,N,1,(+),(,11900,
4808,,,,,,T7,N,1,(+),(,11900,
4809,,,,,,T7,N,1,(+),(,11900,
4810,,,,,,T7,N,1,(+),(,11900,
4811,,,,,,T7,N,1,(+),(,11900,
4812,,,,,,T7,N,1,(+),(,11900,
4813,,,,,,T7,N,1,(+),(,11900,
4814,,,,,,T7,N,1,(+),(,11900,
4815,,,,,,T7,N,1,(+),(,11900,
4816,,,,,,T7,N,1,(+),(,11900,
4817,,,,,,T7,N,1,(+),(,11900,
4818,,,,,,T7,N,1,(+),(,11900,
4819,,,,,,T7,N,1,(+),(,11900,
4820,,,,,,T7,N,1,(+),(,11900,
4821,,,,,,T7,N,1,(+),(,11900,
4822,,,,,,T7,N,1,(+),(,11900,
4823,,,,,,T7,N,1,(+),(,11900,
4824,,,,,,T7,N,1,(+),(,11900,
4825,,,,,,T7,N,1,(+),(,11900,
4826,,,,,,T7,N,1,(+),(,11900,
4827,,,,,,T7,N,1,(+),(,11900,
4828,,,,,,T7,N,1,(+),(,11900,
4829,,,,,,T7,N,1,(+),(,11900,
4830,,,,,,T7,N,1,(+),(,11900,
4831,,,,,,T7,N,1,(+),(,11900,
4832,,,,,,T7,N,1,(+),(,11900,
4833,,,,,,T7,N,1,(+),(,11900,
4834,,,,,,T7,N,1,(+),(,11900,
4835,,,,,,T7,N,1,(+),(,11900,
4836,,,,,,T7,N,1,(+),(,11900,
4837,,,,,,T7,N,1,(+),(,11900,
4838,,,,,,T7,N,1,(+),(,11900,
4839,,,,,,T7,N,1,(+),(,11900,
4840,,,,,,T7,N,1,(+),(,11900,
4841,,,,,,T7,N,1,(+),(,11900,
4842,,,,,,T7,N,1,(+),(,11900,
4843,,,,,,T7,N,1,(+),(,11900,
4844,,,,,,T7,N,1,(+),(,11900,
4845,,,,,,T7,N,1,(+),(,11900,
4846,,,,,,T7,N,1,(+),(,11900,
4847,,,,,,T7,N,1,(+),(,11900,
4848,,,,,,T7,N,1,(+),(,11900,
4849,,,,,,T7,N,1,(+),(,11900,
4850,,,,,,T7,N,1,(+),(,11900,
4851,,,,,,T7,N,1,(+),(,11900,
4852,,,,,,T7,N,1,(+),(,11900,
4853,,,,,,T7,N,1,(+),(,11900,
4854,,,,,,T7,N,1,(+),(,11900,
4855,,,,,,T7,N,1,(+),(,11900,
4856,,,,,,T7,N,1,(+),(,11900,
